,scene,timestamp,utime,inst_token,ann_token,ego_pos,object_pos,distance,steering,ego_speed,throttle,brake,future_throttle,future_brake,futur_speed,distance_1,ego_speed_1,d_diff_1,s_diff_1,distance_2,ego_speed_2,d_diff_2,s_diff_2,distance_3,ego_speed_3,d_diff_3,s_diff_3,distance_4,ego_speed_4,d_diff_4,s_diff_4,distance_5,ego_speed_5,d_diff_5,s_diff_5
6203,scene-0041,1532401503047048,1532401503633435,5914d9b538ea44b9af49ab70cef66eee,c117fc44c41a4589ab3ddb2b611870f3,"[979.956, 551.599, 0.0]","[961.366, 528.737, 0.84]",29.479,9.2,21.79,0,0,0,0,19.59,33.024,24.08,-3.5450000000000017,-2.289999999999999,36.849000000000004,26.16,-7.3700000000000045,-4.370000000000001,40.898,28.05,-11.419000000000004,-6.260000000000002,45.191,29.73,-15.712000000000003,-7.940000000000001,48.667,30.9,-19.188000000000002,-9.11
6206,scene-0041,1532401503547474,1532401504133346,5914d9b538ea44b9af49ab70cef66eee,b7013092782349c3a72ba086259f8ac3,"[977.724, 549.19, 0.0]","[961.382, 528.766, 0.843]",26.171,7.0,19.59,0,0,0,0,17.45,29.479,21.79,-3.308,-2.1999999999999993,33.024,24.08,-6.8530000000000015,-4.489999999999998,36.849000000000004,26.16,-10.678000000000004,-6.57,40.898,28.05,-14.727000000000004,-8.46,45.191,29.73,-19.020000000000003,-10.14
6212,scene-0041,1532401504047924,1532401504632947,5914d9b538ea44b9af49ab70cef66eee,2bfdde0b69ab4187a9d1a127d59bf9ad,"[975.755, 546.991, 0.0]","[961.399, 528.794, 0.846]",23.193,8.4,17.45,0,0,0,0,15.1,26.171,19.59,-2.977999999999998,-2.1400000000000006,29.479,21.79,-6.285999999999998,-4.34,33.024,24.08,-9.831,-6.629999999999999,36.849000000000004,26.16,-13.656000000000002,-8.71,40.898,28.05,-17.705000000000002,-10.600000000000001
6218,scene-0041,1532401504548339,1532401505133431,5914d9b538ea44b9af49ab70cef66eee,bd8e0032af5b4220ac6293f30818493c,"[974.02, 545.027, 0.0]","[961.416, 528.823, 0.848]",20.546999999999997,8.7,15.1,0,0,0,0,12.92,23.193,17.45,-2.6460000000000043,-2.3499999999999996,26.171,19.59,-5.624000000000002,-4.49,29.479,21.79,-8.932000000000002,-6.6899999999999995,33.024,24.08,-12.477000000000004,-8.979999999999999,36.849000000000004,26.16,-16.302000000000007,-11.06
6224,scene-0041,1532401505048207,1532401505633868,5914d9b538ea44b9af49ab70cef66eee,e36b842e400441469e77415f387cfa2e,"[972.539, 543.311, 0.0]","[961.433, 528.851, 0.851]",18.252,8.7,12.92,0,0,0,0,10.88,20.546999999999997,15.1,-2.294999999999998,-2.1799999999999997,23.193,17.45,-4.9410000000000025,-4.529999999999999,26.171,19.59,-7.9190000000000005,-6.67,29.479,21.79,-11.227,-8.87,33.024,24.08,-14.772000000000002,-11.159999999999998
6237,scene-0041,1532401505548069,1532401506132880,5914d9b538ea44b9af49ab70cef66eee,a3b00fd5cb2e437288cf9d5a5bc42f29,"[971.252, 541.821, 0.0]","[961.406, 528.854, 0.855]",16.304000000000002,8.8,10.88,0,0,0,4,9.04,18.252,12.92,-1.9479999999999968,-2.039999999999999,20.546999999999997,15.1,-4.242999999999995,-4.219999999999999,23.193,17.45,-6.888999999999999,-6.5699999999999985,26.171,19.59,-9.866999999999997,-8.709999999999999,29.479,21.79,-13.174999999999997,-10.909999999999998
6241,scene-0041,1532401506047956,1532401506633106,5914d9b538ea44b9af49ab70cef66eee,75beeb0796404829a640b3a34ddf79a0,"[970.15, 540.524, 0.0]","[961.379, 528.856, 0.858]",14.622,10.0,9.04,0,4,0,6,7.17,16.304000000000002,10.88,-1.6820000000000022,-1.8400000000000016,18.252,12.92,-3.629999999999999,-3.880000000000001,20.546999999999997,15.1,-5.924999999999997,-6.0600000000000005,23.193,17.45,-8.571000000000002,-8.41,26.171,19.59,-11.549,-10.55
6247,scene-0041,1532401506548376,1532401507133736,5914d9b538ea44b9af49ab70cef66eee,844b96e12b024a3785b387e1cacee0ed,"[969.268, 539.467, 0.0]","[961.352, 528.859, 0.862]",13.264000000000001,1.9,7.17,0,6,0,7,5.54,14.622,9.04,-1.3579999999999988,-1.8699999999999992,16.304000000000002,10.88,-3.040000000000001,-3.710000000000001,18.252,12.92,-4.987999999999998,-5.75,20.546999999999997,15.1,-7.282999999999996,-7.93,23.193,17.45,-9.929,-10.28
6253,scene-0041,1532401507048824,1532401507634106,5914d9b538ea44b9af49ab70cef66eee,00f4f521f51b4cba8263eb030580fe17,"[968.546, 538.6, 0.0]","[961.325, 528.862, 0.866]",12.154000000000002,3.9,5.54,0,7,0,6,4.08,13.264000000000001,7.17,-1.1099999999999994,-1.63,14.622,9.04,-2.467999999999998,-3.499999999999999,16.304000000000002,10.88,-4.15,-5.340000000000001,18.252,12.92,-6.097999999999997,-7.38,20.546999999999997,15.1,-8.392999999999995,-9.559999999999999
6265,scene-0041,1532401507448620,1532401508132418,5914d9b538ea44b9af49ab70cef66eee,341b6c6c0fa8496eb36cecd9128598ae,"[968.083, 538.032, 0.0]","[961.299, 528.864, 0.87]",11.437999999999999,3.9,4.08,0,6,0,6,2.75,12.154000000000002,5.54,-0.7160000000000029,-1.46,13.264000000000001,7.17,-1.8260000000000023,-3.09,14.622,9.04,-3.184000000000001,-4.959999999999999,16.304000000000002,10.88,-4.866000000000003,-6.800000000000001,18.252,12.92,-6.814,-8.84
6272,scene-0041,1532401507949062,1532401508633871,5914d9b538ea44b9af49ab70cef66eee,31bb98c8529640e493320ba1ecd64a34,"[967.625, 537.462, 0.0]","[961.29, 528.826, 0.866]",10.745,2.6,2.75,0,6,0,6,1.53,11.437999999999999,4.08,-0.6929999999999996,-1.33,12.154000000000002,5.54,-1.4090000000000025,-2.79,13.264000000000001,7.17,-2.519000000000002,-4.42,14.622,9.04,-3.8770000000000007,-6.289999999999999,16.304000000000002,10.88,-5.559000000000003,-8.13
6273,scene-0041,1532401508448897,1532401509133321,5914d9b538ea44b9af49ab70cef66eee,2796a8c225d741f0882edf42350fe094,"[967.304, 537.066, 0.0]","[961.281, 528.787, 0.862]",10.275,2.6,1.53,0,6,0,6,0.0,10.745,2.75,-0.46999999999999886,-1.22,11.437999999999999,4.08,-1.1629999999999985,-2.55,12.154000000000002,5.54,-1.8790000000000013,-4.01,13.264000000000001,7.17,-2.9890000000000008,-5.64,14.622,9.04,-4.3469999999999995,-7.509999999999999
6282,scene-0041,1532401508948235,1532401509634533,5914d9b538ea44b9af49ab70cef66eee,58b41dd5ded041cba8033e736873532b,"[967.09, 536.8, 0.0]","[961.272, 528.749, 0.859]",9.971,2.7,0.0,0,6,0,6,0.0,10.275,1.53,-0.30400000000000027,-1.53,10.745,2.75,-0.7739999999999991,-2.75,11.437999999999999,4.08,-1.4669999999999987,-4.08,12.154000000000002,5.54,-2.1830000000000016,-5.54,13.264000000000001,7.17,-3.293000000000001,-7.17
6285,scene-0041,1532401509447576,1532401509634533,5914d9b538ea44b9af49ab70cef66eee,6e9aac16360d49a9942580b8e32a40b8,"[966.981, 536.663, 0.0]","[961.263, 528.711, 0.855]",9.832,2.7,0.0,0,6,0,6,0.0,9.971,0.0,-0.13899999999999935,0.0,10.275,1.53,-0.4429999999999996,-1.53,10.745,2.75,-0.9129999999999985,-2.75,11.437999999999999,4.08,-1.605999999999998,-4.08,12.154000000000002,5.54,-2.322000000000001,-5.54
9338,scene-0061,1532402930152601,1532402930627445,c1958768d48640948f6053d04cffd35b,4a8dd530b1144dd1b8217dbe74b60e63,"[404.278, 1161.05, 0.0]","[396.794, 1132.149, 0.738]",29.863000000000003,3.6,26.25,0,0,0,0,25.35,31.421,27.07,-1.5579999999999963,-0.8200000000000003,33.171,28.09,-3.3079999999999963,-1.8399999999999999,34.983000000000004,29.45,-5.120000000000001,-3.1999999999999993,37.141999999999996,30.73,-7.278999999999993,-4.48,39.038000000000004,31.44,-9.175,-5.190000000000001
9360,scene-0061,1532402930648325,1532402931127168,c1958768d48640948f6053d04cffd35b,92a23fb25b98444e93afd004ca31cca2,"[403.115, 1157.518, 0.0]","[396.625, 1130.226, 0.763]",28.063000000000002,4.0,25.35,0,0,0,0,24.51,29.863000000000003,26.25,-1.8000000000000007,-0.8999999999999986,31.421,27.07,-3.357999999999997,-1.7199999999999989,33.171,28.09,-5.107999999999997,-2.7399999999999984,34.983000000000004,29.45,-6.920000000000002,-4.099999999999998,37.141999999999996,30.73,-9.078999999999994,-5.379999999999999
9377,scene-0061,1532402931198511,1532402931627135,c1958768d48640948f6053d04cffd35b,5e5e0db2bcf642d680865d7c88a62f76,"[401.882, 1153.723, 0.0]","[396.575, 1128.037, 0.788]",26.24,4.7,24.51,0,0,0,0,23.58,28.063000000000002,25.35,-1.823000000000004,-0.8399999999999999,29.863000000000003,26.25,-3.6230000000000047,-1.7399999999999984,31.421,27.07,-5.181000000000001,-2.5599999999999987,33.171,28.09,-6.931000000000001,-3.5799999999999983,34.983000000000004,29.45,-8.743000000000006,-4.939999999999998
9391,scene-0061,1532402931697833,1532402932127384,c1958768d48640948f6053d04cffd35b,49e7210442be48f495c50e38a50abdbf,"[400.841, 1150.404, 0.0]","[396.706, 1126.176, 0.822]",24.592,6.5,23.58,0,0,0,0,22.69,26.24,24.51,-1.6479999999999997,-0.9300000000000033,28.063000000000002,25.35,-3.4710000000000036,-1.7700000000000031,29.863000000000003,26.25,-5.271000000000004,-2.6700000000000017,31.421,27.07,-6.829000000000001,-3.490000000000002,33.171,28.09,-8.579,-4.510000000000002
9398,scene-0061,1532402932197715,1532402932626799,c1958768d48640948f6053d04cffd35b,bb4c6ddbf99a4f1c930d01efd0bbfcd3,"[399.844, 1147.174, 0.0]","[396.978, 1124.331, 0.855]",23.037,12.6,22.69,0,0,0,0,21.89,24.592,23.58,-1.5549999999999997,-0.889999999999997,26.24,24.51,-3.2029999999999994,-1.8200000000000003,28.063000000000002,25.35,-5.026000000000003,-2.66,29.863000000000003,26.25,-6.826000000000004,-3.5599999999999987,31.421,27.07,-8.384,-4.379999999999999
9408,scene-0061,1532402932647284,1532402933127327,c1958768d48640948f6053d04cffd35b,8d72d40ef47c4210ac6d4381187fb84d,"[399.02, 1144.399, 0.0]","[397.341, 1122.8, 0.888]",21.682,23.8,21.89,0,0,0,0,21.2,23.037,22.69,-1.3550000000000004,-0.8000000000000007,24.592,23.58,-2.91,-1.6899999999999977,26.24,24.51,-4.558,-2.620000000000001,28.063000000000002,25.35,-6.381000000000004,-3.460000000000001,29.863000000000003,26.25,-8.181000000000004,-4.359999999999999
9422,scene-0061,1532402933146604,1532402933627160,c1958768d48640948f6053d04cffd35b,fb5169ad9daa4d1086ec59d6cf5ed4b0,"[398.167, 1141.37, 0.0]","[397.846, 1121.112, 0.922]",20.282,34.4,21.2,0,0,0,0,20.25,21.682,21.89,-1.3999999999999986,-0.6900000000000013,23.037,22.69,-2.754999999999999,-1.490000000000002,24.592,23.58,-4.309999999999999,-2.379999999999999,26.24,24.51,-5.957999999999998,-3.3100000000000023,28.063000000000002,25.35,-7.781000000000002,-4.150000000000002
9434,scene-0061,1532402933646462,1532402934126855,c1958768d48640948f6053d04cffd35b,88520cc88ba144e68d63de11fbc12d0a,"[397.448, 1138.47, 0.0]","[398.453, 1119.579, 0.955]",18.942,45.8,20.25,0,0,0,0,19.34,20.282,21.2,-1.3399999999999999,-0.9499999999999993,21.682,21.89,-2.7399999999999984,-1.6400000000000006,23.037,22.69,-4.094999999999999,-2.4400000000000013,24.592,23.58,-5.649999999999999,-3.3299999999999983,26.24,24.51,-7.297999999999998,-4.260000000000002
9445,scene-0061,1532402934146351,1532402934627536,c1958768d48640948f6053d04cffd35b,d42112ee919b4f4d905d6206e3de9a73,"[396.884, 1135.656, 0.0]","[399.156, 1118.16, 0.988]",17.671,69.8,19.34,0,0,0,0,18.33,18.942,20.25,-1.2710000000000008,-0.9100000000000001,20.282,21.2,-2.6110000000000007,-1.8599999999999994,21.682,21.89,-4.010999999999999,-2.5500000000000007,23.037,22.69,-5.366,-3.3500000000000014,24.592,23.58,-6.920999999999999,-4.239999999999998
9458,scene-0061,1532402934696555,1532402935127340,c1958768d48640948f6053d04cffd35b,083c23464b7d4f2682d1b0c33996af5f,"[396.444, 1132.627, 0.0]","[400.204, 1116.512, 1.038]",16.58,87.6,18.33,0,0,0,0,17.47,17.671,19.34,-1.091000000000001,-1.0100000000000016,18.942,20.25,-2.362000000000002,-1.9200000000000017,20.282,21.2,-3.7020000000000017,-2.870000000000001,21.682,21.89,-5.102,-3.5600000000000023,23.037,22.69,-6.457000000000001,-4.360000000000003
9471,scene-0061,1532402935197541,1532402935627675,c1958768d48640948f6053d04cffd35b,f0d891697c4e408bbe5037b94486a7be,"[396.287, 1130.055, 0.0]","[401.36, 1115.102, 1.088]",15.827,90.8,17.47,0,0,0,0,16.58,16.58,18.33,-0.7529999999999983,-0.8599999999999994,17.671,19.34,-1.8439999999999994,-1.870000000000001,18.942,20.25,-3.115,-2.780000000000001,20.282,21.2,-4.455,-3.7300000000000004,21.682,21.89,-5.854999999999999,-4.420000000000002
9474,scene-0061,1532402935697945,1532402936127003,c1958768d48640948f6053d04cffd35b,b51c154d31f74655b9c680a9341041b2,"[396.372, 1127.576, 0.0]","[402.713, 1113.793, 1.138]",15.214,98.9,16.58,0,0,48,0,15.71,15.827,17.47,-0.6129999999999995,-0.8900000000000006,16.58,18.33,-1.3659999999999979,-1.75,17.671,19.34,-2.456999999999999,-2.7600000000000016,18.942,20.25,-3.7279999999999998,-3.6700000000000017,20.282,21.2,-5.068,-4.620000000000001
9485,scene-0061,1532402936198962,1532402936627017,c1958768d48640948f6053d04cffd35b,3715bc2122d34f61aa03030f91ec1894,"[396.682, 1125.256, 0.0]","[404.193, 1112.686, 1.101]",14.685,102.0,15.71,48,0,79,0,15.55,15.214,16.58,-0.5289999999999999,-0.8699999999999974,15.827,17.47,-1.1419999999999995,-1.759999999999998,16.58,18.33,-1.8949999999999978,-2.6199999999999974,17.671,19.34,-2.985999999999999,-3.629999999999999,18.942,20.25,-4.257,-4.539999999999999
9495,scene-0061,1532402936699359,1532402937127649,c1958768d48640948f6053d04cffd35b,1d4287f8400a4edb9482bfb47da8ac9f,"[397.185, 1123.06, 0.0]","[405.71, 1111.637, 1.063]",14.293,112.7,15.55,79,0,0,0,15.92,14.685,15.71,-0.39200000000000124,-0.16000000000000014,15.214,16.58,-0.9210000000000012,-1.0299999999999976,15.827,17.47,-1.5340000000000007,-1.9199999999999982,16.58,18.33,-2.286999999999999,-2.7799999999999976,17.671,19.34,-3.378,-3.789999999999999
9496,scene-0061,1532402937198682,1532402937627089,c1958768d48640948f6053d04cffd35b,523673d1e7e1442db94de37e8e545971,"[397.861, 1121.077, 0.0]","[407.197, 1110.809, 1.026]",13.915999999999999,117.1,15.92,0,0,0,0,15.79,14.293,15.55,-0.37700000000000067,0.3699999999999992,14.685,15.71,-0.7690000000000019,0.20999999999999908,15.214,16.58,-1.2980000000000018,-0.6599999999999984,15.827,17.47,-1.9110000000000014,-1.549999999999999,16.58,18.33,-2.6639999999999997,-2.4099999999999984
9503,scene-0061,1532402937698000,1532402938127018,c1958768d48640948f6053d04cffd35b,53467d68e9a34a6cb3c91068000b6e08,"[398.76, 1119.128, 0.0]","[408.562, 1110.104, 0.988]",13.36,117.1,15.79,0,0,0,0,15.39,13.915999999999999,15.92,-0.5559999999999992,-0.13000000000000078,14.293,15.55,-0.9329999999999998,0.23999999999999844,14.685,15.71,-1.325000000000001,0.0799999999999983,15.214,16.58,-1.854000000000001,-0.7899999999999991,15.827,17.47,-2.4670000000000005,-1.6799999999999997
9511,scene-0061,1532402938197897,1532402938627564,c1958768d48640948f6053d04cffd35b,0f2efdc2c7ab463e93825dbf849dbcdb,"[399.908, 1117.209, 0.0]","[409.897, 1109.434, 0.988]",12.697000000000001,114.9,15.39,0,0,0,0,14.86,13.36,15.79,-0.6629999999999985,-0.3999999999999986,13.915999999999999,15.92,-1.2189999999999976,-0.5299999999999994,14.293,15.55,-1.5959999999999983,-0.16000000000000014,14.685,15.71,-1.9879999999999995,-0.3200000000000003,15.214,16.58,-2.5169999999999995,-1.1899999999999977
9518,scene-0061,1532402938647444,1532402939128381,c1958768d48640948f6053d04cffd35b,2bff484f662f4a438751c5daac0f4d5e,"[401.065, 1115.678, 0.0]","[411.035, 1108.881, 0.988]",12.107000000000001,105.6,14.86,0,0,0,1,14.07,12.697000000000001,15.39,-0.5899999999999999,-0.5300000000000011,13.36,15.79,-1.2529999999999983,-0.9299999999999997,13.915999999999999,15.92,-1.8089999999999975,-1.0600000000000005,14.293,15.55,-2.185999999999998,-0.6900000000000013,14.685,15.71,-2.5779999999999994,-0.8500000000000014
9520,scene-0061,1532402939147334,1532402939627276,c1958768d48640948f6053d04cffd35b,d68b784ebd124073b23767a09e643926,"[402.474, 1114.149, 0.0]","[412.296, 1108.324, 0.988]",11.462,102.4,14.07,0,1,0,0,11.41,12.107000000000001,14.86,-0.6450000000000014,-0.7899999999999991,12.697000000000001,15.39,-1.2350000000000012,-1.3200000000000003,13.36,15.79,-1.8979999999999997,-1.7199999999999989,13.915999999999999,15.92,-2.453999999999999,-1.8499999999999996,14.293,15.55,-2.8309999999999995,-1.4800000000000004
9527,scene-0061,1532402939697511,1532402940627263,c1958768d48640948f6053d04cffd35b,0b875cbe5c924238a3a54f80846b8110,"[404.114, 1112.676, 0.0]","[413.638, 1107.792, 0.988]",10.749,74.6,11.41,0,0,0,0,10.63,11.462,14.07,-0.7129999999999992,-2.66,12.107000000000001,14.86,-1.3580000000000005,-3.4499999999999993,12.697000000000001,15.39,-1.9480000000000004,-3.9800000000000004,13.36,15.79,-2.610999999999999,-4.379999999999999,13.915999999999999,15.92,-3.166999999999998,-4.51
9530,scene-0061,1532402940197958,1532402941126977,c1958768d48640948f6053d04cffd35b,3b98da648ec54580a4e6aff7c1aa750d,"[405.594, 1111.559, 0.0]","[414.858, 1107.239, 0.988]",10.269,67.9,10.63,0,0,0,0,9.88,10.749,11.41,-0.4800000000000004,-0.7799999999999994,11.462,14.07,-1.1929999999999996,-3.4399999999999995,12.107000000000001,14.86,-1.838000000000001,-4.229999999999999,12.697000000000001,15.39,-2.428000000000001,-4.76,13.36,15.79,-3.0909999999999993,-5.159999999999998
9535,scene-0061,1532402940797343,1532402941626849,c1958768d48640948f6053d04cffd35b,7a10260537024347b87c8b499ea88a15,"[407.235, 1110.495, 0.0]","[416.431, 1106.546, 0.988]",10.056000000000001,51.4,9.88,0,0,0,0,9.23,10.269,10.63,-0.2129999999999992,-0.75,10.749,11.41,-0.6929999999999996,-1.5299999999999994,11.462,14.07,-1.4059999999999988,-4.1899999999999995,12.107000000000001,14.86,-2.051,-4.979999999999999,12.697000000000001,15.39,-2.641,-5.51
9537,scene-0061,1532402941297218,1532402942126884,c1958768d48640948f6053d04cffd35b,cfe1457a99e4465f8e6b683a4688e813,"[408.529, 1109.754, 0.0]","[417.777, 1105.942, 0.988]",10.051,21.7,9.23,0,0,0,0,8.77,10.056000000000001,9.88,-0.005000000000000782,-0.6500000000000004,10.269,10.63,-0.21799999999999997,-1.4000000000000004,10.749,11.41,-0.6980000000000004,-2.1799999999999997,11.462,14.07,-1.4109999999999996,-4.84,12.107000000000001,14.86,-2.056000000000001,-5.629999999999999
9542,scene-0061,1532402941797653,1532402942626612,c1958768d48640948f6053d04cffd35b,cdfd8e85d17942f8820c2f234239b874,"[409.736, 1109.123, 0.0]","[419.123, 1105.339, 0.988]",10.169,9.9,8.77,0,0,0,0,8.49,10.051,9.23,0.11800000000000033,-0.46000000000000085,10.056000000000001,9.88,0.11299999999999955,-1.1100000000000012,10.269,10.63,-0.09999999999999964,-1.8600000000000012,10.749,11.41,-0.5800000000000001,-2.6400000000000006,11.462,14.07,-1.2929999999999993,-5.300000000000001
9548,scene-0061,1532402942197463,1532402943127326,c1958768d48640948f6053d04cffd35b,8633be668e3445b19f26465ff6bdf5a4,"[410.665, 1108.672, 0.0]","[420.201, 1104.947, 0.988]",10.285,2.4,8.49,0,0,0,0,8.21,10.169,8.77,0.11599999999999966,-0.27999999999999936,10.051,9.23,0.23399999999999999,-0.7400000000000002,10.056000000000001,9.88,0.2289999999999992,-1.3900000000000006,10.269,10.63,0.016000000000000014,-2.1400000000000006,10.749,11.41,-0.4640000000000004,-2.92
9551,scene-0061,1532402942697870,1532402943627546,c1958768d48640948f6053d04cffd35b,97a12a3973934204bc927bf2c6328e16,"[411.779, 1108.142, 0.0]","[421.476, 1104.531, 0.988]",10.394,1.9,8.21,0,0,0,0,8.21,10.285,8.49,0.10899999999999999,-0.27999999999999936,10.169,8.77,0.22499999999999964,-0.5599999999999987,10.051,9.23,0.34299999999999997,-1.0199999999999996,10.056000000000001,9.88,0.3379999999999992,-1.67,10.269,10.63,0.125,-2.42
9553,scene-0061,1532402943197769,1532402944127527,c1958768d48640948f6053d04cffd35b,c2721bb7f86f48e58800f40a3b5ad613,"[412.849, 1107.64, 0.0]","[422.729, 1104.393, 0.988]",10.447000000000001,5.6,8.21,0,0,0,0,8.29,10.394,8.21,0.053000000000000824,0.0,10.285,8.49,0.1620000000000008,-0.27999999999999936,10.169,8.77,0.27800000000000047,-0.5599999999999987,10.051,9.23,0.3960000000000008,-1.0199999999999996,10.056000000000001,9.88,0.391,-1.67
9559,scene-0061,1532402943697655,1532402944627353,c1958768d48640948f6053d04cffd35b,dfcd70bb4efa4ae29a99cf19d3d0cfa0,"[413.902, 1107.148, 0.0]","[423.942, 1104.199, 0.972]",10.509,29.1,8.29,0,0,0,0,8.3,10.447000000000001,8.21,0.06199999999999939,0.0799999999999983,10.394,8.21,0.11500000000000021,0.0799999999999983,10.285,8.49,0.2240000000000002,-0.20000000000000107,10.169,8.77,0.33999999999999986,-0.4800000000000004,10.051,9.23,0.4580000000000002,-0.9400000000000013
9561,scene-0061,1532402944198088,1532402945126725,c1958768d48640948f6053d04cffd35b,4e9a65ceca9a4533aed3cfd6ff8eba08,"[414.964, 1106.652, 0.0]","[425.177, 1104.334, 0.955]",10.515999999999998,79.3,8.3,0,0,0,0,8.39,10.509,8.29,0.006999999999997897,0.010000000000001563,10.447000000000001,8.21,0.06899999999999729,0.08999999999999986,10.394,8.21,0.12199999999999811,0.08999999999999986,10.285,8.49,0.2309999999999981,-0.1899999999999995,10.169,8.77,0.34699999999999775,-0.46999999999999886
9565,scene-0061,1532402944697931,1532402945627355,c1958768d48640948f6053d04cffd35b,2019267b05624caf8cbdf9db842d3cf5,"[415.985, 1106.182, 0.0]","[426.23, 1104.619, 0.938]",10.405999999999999,104.6,8.39,0,0,0,2,8.25,10.515999999999998,8.3,-0.10999999999999943,0.08999999999999986,10.509,8.29,-0.10300000000000153,0.10000000000000142,10.447000000000001,8.21,-0.041000000000002146,0.17999999999999972,10.394,8.21,0.011999999999998678,0.17999999999999972,10.285,8.49,0.12099999999999866,-0.09999999999999964
9570,scene-0061,1532402945197276,1532402946127094,c1958768d48640948f6053d04cffd35b,1263af5649bd4c6caa33272276a0329c,"[417.022, 1105.722, 0.0]","[427.101, 1105.125, 1.022]",10.149,123.8,8.25,0,2,0,6,7.5,10.405999999999999,8.39,-0.2569999999999997,-0.14000000000000057,10.515999999999998,8.3,-0.3669999999999991,-0.05000000000000071,10.509,8.29,-0.3600000000000012,-0.03999999999999915,10.447000000000001,8.21,-0.2980000000000018,0.03999999999999915,10.394,8.21,-0.245000000000001,0.03999999999999915
9576,scene-0061,1532402945697148,1532402946627093,c1958768d48640948f6053d04cffd35b,cad8d5a3f7cc4c55bc44da68369f49da,"[418.165, 1105.272, 0.0]","[427.868, 1105.779, 1.105]",9.779,155.8,7.5,0,6,0,2,6.12,10.149,8.25,-0.3699999999999992,-0.75,10.405999999999999,8.39,-0.6269999999999989,-0.8900000000000006,10.515999999999998,8.3,-0.7369999999999983,-0.8000000000000007,10.509,8.29,-0.7300000000000004,-0.7899999999999991,10.447000000000001,8.21,-0.668000000000001,-0.7100000000000009
9579,scene-0061,1532402946297085,1532402946627093,c1958768d48640948f6053d04cffd35b,d02856dbe859476f9635f449d23aa211,"[419.527, 1104.831, 0.0]","[428.504, 1106.56, 1.188]",9.219,155.8,7.5,0,6,0,2,6.12,9.779,7.5,-0.5600000000000005,0.0,10.149,8.25,-0.9299999999999997,-0.75,10.405999999999999,8.39,-1.1869999999999994,-0.8900000000000006,10.515999999999998,8.3,-1.2969999999999988,-0.8000000000000007,10.509,8.29,-1.290000000000001,-0.7899999999999991
31561,scene-0101,1533151517047469,1533151517401879,5b282658f35248ffb284d1e5d68ada8d,36d27065203c4f82814868d37c441f84,"[593.428, 1511.445, 0.0]","[584.649, 1517.289, 0.563]",10.561,-19.9,0.0,0,18,0,0,0.0,10.540999999999999,0.0,0.02000000000000135,0.0,10.540999999999999,0.0,0.02000000000000135,0.0,10.540999999999999,0.0,0.02000000000000135,0.0,10.540999999999999,0.0,0.02000000000000135,0.0,10.540999999999999,0.0,0.02000000000000135,0.0
31572,scene-0101,1533151517547339,1533151517901953,5b282658f35248ffb284d1e5d68ada8d,1f8bcf2732384e33bfe5cd9cb43d3755,"[593.428, 1511.445, 0.0]","[584.68, 1517.276, 0.566]",10.527999999999999,-16.5,0.0,0,0,53,0,0.0,10.561,0.0,-0.03300000000000125,0.0,10.540999999999999,0.0,-0.0129999999999999,0.0,10.540999999999999,0.0,-0.0129999999999999,0.0,10.540999999999999,0.0,-0.0129999999999999,0.0,10.540999999999999,0.0,-0.0129999999999999,0.0
31578,scene-0101,1533151518047227,1533151518402007,5b282658f35248ffb284d1e5d68ada8d,a34ce5281c624f749cd75a1d7bd177a2,"[593.428, 1511.445, 0.0]","[584.387, 1517.477, 0.569]",10.883,-16.2,0.0,53,0,107,0,1.55,10.527999999999999,0.0,0.3550000000000004,0.0,10.561,0.0,0.3219999999999992,0.0,10.540999999999999,0.0,0.3420000000000005,0.0,10.540999999999999,0.0,0.3420000000000005,0.0,10.540999999999999,0.0,0.3420000000000005,0.0
31585,scene-0101,1533151518547070,1533151518902150,5b282658f35248ffb284d1e5d68ada8d,46a9d7bd658b4df4b6e17088c95670b8,"[593.423, 1511.447, 0.0]","[583.849, 1517.843, 0.571]",11.527999999999999,-16.2,1.55,107,0,158,0,3.2,10.883,0.0,0.6449999999999996,1.55,10.527999999999999,0.0,1.0,1.55,10.561,0.0,0.9669999999999987,1.55,10.540999999999999,0.0,0.9870000000000001,1.55,10.540999999999999,0.0,0.9870000000000001,1.55
31596,scene-0101,1533151519046948,1533151519402049,5b282658f35248ffb284d1e5d68ada8d,4bda24c728104f1d87b994951a3676bc,"[593.296, 1511.523, 0.0]","[582.869, 1518.512, 0.574]",12.565999999999999,-16.1,3.2,158,0,193,0,5.0,11.527999999999999,1.55,1.0380000000000003,1.6500000000000001,10.883,0.0,1.6829999999999998,3.2,10.527999999999999,0.0,2.0380000000000003,3.2,10.561,0.0,2.004999999999999,3.2,10.540999999999999,0.0,2.0250000000000004,3.2
31606,scene-0101,1533151519446755,1533151519901785,5b282658f35248ffb284d1e5d68ada8d,fbdd4075eb774a729abb16f599d18827,"[593.067, 1511.66, 0.0]","[581.767, 1519.269, 0.576]",13.635,-5.0,5.0,193,0,223,0,6.83,12.565999999999999,3.2,1.0690000000000008,1.7999999999999998,11.527999999999999,1.55,2.107000000000001,3.45,10.883,0.0,2.7520000000000007,5.0,10.527999999999999,0.0,3.107000000000001,5.0,10.561,0.0,3.074,5.0
31612,scene-0101,1533151519946606,1533151520401954,5b282658f35248ffb284d1e5d68ada8d,bcb28efe2d9a404e9b91af98813cdff3,"[592.553, 1511.971, 0.0]","[579.957, 1520.514, 0.558]",15.23,1.7,6.83,223,0,242,0,8.65,13.635,5.0,1.5950000000000006,1.83,12.565999999999999,3.2,2.6640000000000015,3.63,11.527999999999999,1.55,3.7020000000000017,5.28,10.883,0.0,4.347000000000001,6.83,10.527999999999999,0.0,4.702000000000002,6.83
31617,scene-0101,1533151520446480,1533151520901966,5b282658f35248ffb284d1e5d68ada8d,2aa1cf5ba1d44a1a9c8f772a907bb77e,"[591.832, 1512.411, 0.0]","[577.867, 1522.015, 0.541]",16.957,1.7,8.65,242,0,246,0,10.52,15.23,6.83,1.7270000000000003,1.8200000000000003,13.635,5.0,3.322000000000001,3.6500000000000004,12.565999999999999,3.2,4.391000000000002,5.45,11.527999999999999,1.55,5.429000000000002,7.1000000000000005,10.883,0.0,6.074000000000002,8.65
31630,scene-0101,1533151520946912,1533151521401438,5b282658f35248ffb284d1e5d68ada8d,1463f513201e479aa5122b6b1b1e455f,"[590.82, 1513.031, 0.0]","[575.349, 1523.838, 0.523]",18.879,1.4,10.52,246,0,246,0,12.3,16.957,8.65,1.9220000000000006,1.8699999999999992,15.23,6.83,3.649000000000001,3.6899999999999995,13.635,5.0,5.2440000000000015,5.52,12.565999999999999,3.2,6.313000000000002,7.319999999999999,11.527999999999999,1.55,7.351000000000003,8.969999999999999
31632,scene-0101,1533151521447359,1533151521902204,5b282658f35248ffb284d1e5d68ada8d,f70b8cb2aba3481083ac7403d4719f23,"[589.535, 1513.816, 0.0]","[572.518, 1525.931, 0.505]",20.895,1.2,12.3,246,0,246,0,13.93,18.879,10.52,2.0159999999999982,1.7800000000000011,16.957,8.65,3.937999999999999,3.6500000000000004,15.23,6.83,5.664999999999999,5.470000000000001,13.635,5.0,7.26,7.300000000000001,12.565999999999999,3.2,8.329,9.100000000000001
31643,scene-0101,1533151521946665,1533151522401814,5b282658f35248ffb284d1e5d68ada8d,0542ae6e08e14d2db539154651ec3b4c,"[588.127, 1514.687, 0.0]","[569.4, 1528.311, 0.372]",23.160999999999998,1.1,13.93,246,0,242,0,15.75,20.895,12.3,2.2659999999999982,1.629999999999999,18.879,10.52,4.2819999999999965,3.41,16.957,8.65,6.203999999999997,5.279999999999999,15.23,6.83,7.930999999999997,7.1,13.635,5.0,9.525999999999998,8.93
31651,scene-0101,1533151522447088,1533151522901526,5b282658f35248ffb284d1e5d68ada8d,607e37682b2d45e889716a1268383677,"[586.485, 1515.694, 0.0]","[566.275, 1530.647, 0.331]",25.143,-1.3,15.75,242,0,246,0,17.08,23.160999999999998,13.93,1.9820000000000029,1.8200000000000003,20.895,12.3,4.248000000000001,3.4499999999999993,18.879,10.52,6.263999999999999,5.23,16.957,8.65,8.186,7.1,15.23,6.83,9.913,8.92
31655,scene-0101,1533151522946984,1533151523401878,5b282658f35248ffb284d1e5d68ada8d,70270597b3e7458983c4b3ea269ffa31,"[584.644, 1516.825, 0.0]","[562.966, 1533.183, 0.34]",27.159000000000002,-16.1,17.08,246,0,246,0,18.36,25.143,15.75,2.016000000000002,1.3299999999999983,23.160999999999998,13.93,3.9980000000000047,3.1499999999999986,20.895,12.3,6.264000000000003,4.779999999999998,18.879,10.52,8.280000000000001,6.559999999999999,16.957,8.65,10.202000000000002,8.429999999999998
31669,scene-0101,1533151523447428,1533151523901652,5b282658f35248ffb284d1e5d68ada8d,130b6526a37f4bbb80220f2625657780,"[582.66, 1518.035, 0.0]","[559.611, 1535.618, 0.349]",28.991999999999997,-23.7,18.36,246,0,255,0,19.63,27.159000000000002,17.08,1.8329999999999949,1.2800000000000011,25.143,15.75,3.8489999999999966,2.6099999999999994,23.160999999999998,13.93,5.8309999999999995,4.43,20.895,12.3,8.096999999999998,6.059999999999999,18.879,10.52,10.112999999999996,7.84
31671,scene-0101,1533151523947287,1533151524401856,5b282658f35248ffb284d1e5d68ada8d,dea7df3ca28c4d95918d06fc95334605,"[580.536, 1519.404, 0.0]","[556.147, 1538.305, 0.358]",30.858,-20.6,19.63,255,0,262,0,21.03,28.991999999999997,18.36,1.8660000000000032,1.2699999999999996,27.159000000000002,17.08,3.698999999999998,2.5500000000000007,25.143,15.75,5.715,3.879999999999999,23.160999999999998,13.93,7.697000000000003,5.699999999999999,20.895,12.3,9.963000000000001,7.329999999999998
31680,scene-0101,1533151524447730,1533151524901997,5b282658f35248ffb284d1e5d68ada8d,becc3a4941d247739ac88bea8b9ecf95,"[578.324, 1520.92, 0.0]","[552.321, 1541.197, 0.489]",32.978,-16.3,21.03,262,0,262,0,22.57,30.858,19.63,2.120000000000001,1.4000000000000021,28.991999999999997,18.36,3.986000000000004,2.6700000000000017,27.159000000000002,17.08,5.818999999999999,3.950000000000003,25.143,15.75,7.835000000000001,5.280000000000001,23.160999999999998,13.93,9.817000000000004,7.100000000000001
31686,scene-0101,1533151524948156,1533151525401362,5b282658f35248ffb284d1e5d68ada8d,65962ab44aa5483584c4252fe3d289d2,"[575.911, 1522.64, 0.0]","[548.204, 1544.159, 0.575]",35.086,-12.7,22.57,262,0,262,0,23.98,32.978,21.03,2.107999999999997,1.5399999999999991,30.858,19.63,4.227999999999998,2.9400000000000013,28.991999999999997,18.36,6.094000000000001,4.210000000000001,27.159000000000002,17.08,7.926999999999996,5.490000000000002,25.143,15.75,9.942999999999998,6.82
31696,scene-0101,1533151525398255,1533151525901596,5b282658f35248ffb284d1e5d68ada8d,75379cb9add24ae596b433da1282c5fb,"[573.647, 1524.319, 0.0]","[544.076, 1547.095, 0.783]",37.334,-7.6,23.98,262,0,262,0,25.65,35.086,22.57,2.2480000000000047,1.4100000000000001,32.978,21.03,4.356000000000002,2.9499999999999993,30.858,19.63,6.476000000000003,4.350000000000001,28.991999999999997,18.36,8.342000000000006,5.620000000000001,27.159000000000002,17.08,10.175,6.900000000000002
31700,scene-0101,1533151525897578,1533151526401731,5b282658f35248ffb284d1e5d68ada8d,d5c9eaf5bb344cb684d682170660d900,"[571.018, 1526.365, 0.0]","[539.527, 1550.416, 0.93]",39.635999999999996,-4.4,25.65,262,0,259,0,26.98,37.334,23.98,2.3019999999999925,1.6699999999999982,35.086,22.57,4.549999999999997,3.0799999999999983,32.978,21.03,6.657999999999994,4.619999999999997,30.858,19.63,8.777999999999995,6.02,28.991999999999997,18.36,10.643999999999998,7.289999999999999
31713,scene-0101,1533151526398002,1533151526901267,5b282658f35248ffb284d1e5d68ada8d,9e5f531770284510a3b4c9e64ca48a08,"[568.252, 1528.54, 0.0]","[534.445, 1554.12, 0.983]",42.405,1.4,26.98,259,0,259,0,28.35,39.635999999999996,25.65,2.7690000000000055,1.3300000000000018,37.334,23.98,5.070999999999998,3.0,35.086,22.57,7.319000000000003,4.41,32.978,21.03,9.427,5.949999999999999,30.858,19.63,11.547,7.350000000000001
31717,scene-0101,1533151526897905,1533151527401747,5b282658f35248ffb284d1e5d68ada8d,f06ab7dbad944f61b850399daf6c437c,"[565.346, 1530.909, 0.0]","[529.152, 1557.745, 1.046]",45.07,7.3,28.35,259,0,252,0,29.31,42.405,26.98,2.664999999999999,1.370000000000001,39.635999999999996,25.65,5.434000000000005,2.700000000000003,37.334,23.98,7.735999999999997,4.370000000000001,35.086,22.57,9.984000000000002,5.780000000000001,32.978,21.03,12.091999999999999,7.32
31721,scene-0101,1533151527397766,1533151527901970,5b282658f35248ffb284d1e5d68ada8d,bf2c0c63e8bb4e9ba6602f35d4fff553,"[562.299, 1533.396, 0.0]","[523.86, 1561.37, 1.11]",47.553000000000004,9.6,29.31,252,0,252,0,30.45,45.07,28.35,2.483000000000004,0.9599999999999973,42.405,26.98,5.148000000000003,2.3299999999999983,39.635999999999996,25.65,7.917000000000009,3.66,37.334,23.98,10.219000000000001,5.329999999999998,35.086,22.57,12.467000000000006,6.739999999999998
22475,scene-0190,1533107511946616,1533107512414830,e49e2fd935074715a021e1c14827fb69,f2d131f3099041288d03fb0ecd7c5cc9,"[1039.694, 840.544, 0.0]","[1018.792, 863.969, 0.306]",31.396,-17.5,10.51,0,0,74,0,9.45,33.39,13.09,-1.9939999999999998,-2.58,35.756,16.1,-4.359999999999999,-5.590000000000002,38.568000000000005,19.27,-7.172000000000004,-8.76,41.871,22.31,-10.475000000000001,-11.799999999999999,45.533,25.0,-14.137,-14.49
22477,scene-0190,1533107512446476,1533107512915276,e49e2fd935074715a021e1c14827fb69,8be4e8508c644e839ab5f9834371abde,"[1038.586, 841.62, 0.0]","[1018.78, 863.961, 0.281]",29.857,-17.5,9.45,74,0,122,0,9.6,31.396,10.51,-1.5390000000000015,-1.0600000000000005,33.39,13.09,-3.5330000000000013,-3.6400000000000006,35.756,16.1,-5.899000000000001,-6.650000000000002,38.568000000000005,19.27,-8.711000000000006,-9.82,41.871,22.31,-12.014000000000003,-12.86
22480,scene-0190,1533107512946937,1533107513415363,e49e2fd935074715a021e1c14827fb69,f4ef70414c794cda9a8eafcbdccc0179,"[1037.68, 842.521, 0.0]","[1018.792, 863.969, 0.256]",28.581,-12.3,9.6,122,0,73,0,10.41,29.857,9.45,-1.2759999999999998,0.15000000000000036,31.396,10.51,-2.8150000000000013,-0.9100000000000001,33.39,13.09,-4.809000000000001,-3.49,35.756,16.1,-7.175000000000001,-6.500000000000002,38.568000000000005,19.27,-9.987000000000005,-9.67
22482,scene-0190,1533107513446775,1533107513915303,e49e2fd935074715a021e1c14827fb69,f502047cbda646659638839f0f968feb,"[1036.802, 843.409, 0.0]","[1018.804, 863.977, 0.231]",27.331,-8.0,10.41,73,0,30,0,10.87,28.581,9.6,-1.25,0.8100000000000005,29.857,9.45,-2.526,0.9600000000000009,31.396,10.51,-4.065000000000001,-0.09999999999999964,33.39,13.09,-6.059000000000001,-2.6799999999999997,35.756,16.1,-8.425,-5.690000000000001
22484,scene-0190,1533107513946672,1533107514415797,e49e2fd935074715a021e1c14827fb69,4a6c4a6a996e4d9a90c9767898ecce46,"[1035.83, 844.41, 0.0]","[1018.804, 863.977, 0.255]",25.939,-1.7,10.87,30,0,22,0,10.89,27.331,10.41,-1.3919999999999995,0.4599999999999991,28.581,9.6,-2.6419999999999995,1.2699999999999996,29.857,9.45,-3.9179999999999993,1.42,31.396,10.51,-5.457000000000001,0.35999999999999943,33.39,13.09,-7.4510000000000005,-2.2200000000000006
22486,scene-0190,1533107514447098,1533107514915351,e49e2fd935074715a021e1c14827fb69,340c0b4b046b4f1d91b942cffc0f56e0,"[1034.772, 845.519, 0.0]","[1018.804, 863.977, 0.278]",24.408,-0.8,10.89,22,0,32,0,10.8,25.939,10.87,-1.5309999999999988,0.02000000000000135,27.331,10.41,-2.9229999999999983,0.4800000000000004,28.581,9.6,-4.172999999999998,1.290000000000001,29.857,9.45,-5.448999999999998,1.4400000000000013,31.396,10.51,-6.9879999999999995,0.3800000000000008
22488,scene-0190,1533107514946417,1533107515415161,e49e2fd935074715a021e1c14827fb69,e7b11c31be6648f6b5524b714cfbdb69,"[1033.676, 846.685, 0.0]","[1018.792, 863.969, 0.353]",22.811999999999998,2.9,10.8,32,0,29,0,10.81,24.408,10.89,-1.5960000000000036,-0.08999999999999986,25.939,10.87,-3.1270000000000024,-0.06999999999999851,27.331,10.41,-4.519000000000002,0.39000000000000057,28.581,9.6,-5.769000000000002,1.200000000000001,29.857,9.45,-7.045000000000002,1.3500000000000014
22490,scene-0190,1533107515446840,1533107515916237,e49e2fd935074715a021e1c14827fb69,5fe43bcb918c47b9af2b91c125a8edf7,"[1032.635, 847.793, 0.0]","[1018.78, 863.961, 0.428]",21.296999999999997,3.5,10.81,29,0,22,0,10.9,22.811999999999998,10.8,-1.5150000000000006,0.009999999999999787,24.408,10.89,-3.111000000000004,-0.08000000000000007,25.939,10.87,-4.642000000000003,-0.05999999999999872,27.331,10.41,-6.0340000000000025,0.40000000000000036,28.581,9.6,-7.2840000000000025,1.2100000000000009
22491,scene-0190,1533107515946713,1533107516415490,e49e2fd935074715a021e1c14827fb69,53216b36efac40738772110592564211,"[1031.598, 848.889, 0.0]","[1018.769, 863.952, 0.428]",19.79,3.6,10.9,22,0,0,0,10.94,21.296999999999997,10.81,-1.506999999999998,0.08999999999999986,22.811999999999998,10.8,-3.0219999999999985,0.09999999999999964,24.408,10.89,-4.618000000000002,0.009999999999999787,25.939,10.87,-6.149000000000001,0.030000000000001137,27.331,10.41,-7.541,0.4900000000000002
22494,scene-0190,1533107516446610,1533107516915813,e49e2fd935074715a021e1c14827fb69,fd617847a1174b65a44752e641975162,"[1030.535, 850.005, 0.0]","[1018.757, 863.944, 0.428]",18.254,1.3,10.94,0,0,0,1,10.79,19.79,10.9,-1.5359999999999978,0.03999999999999915,21.296999999999997,10.81,-3.0429999999999957,0.129999999999999,22.811999999999998,10.8,-4.557999999999996,0.1399999999999988,24.408,10.89,-6.154,0.049999999999998934,25.939,10.87,-7.684999999999999,0.07000000000000028
22495,scene-0190,1533107516947038,1533107517415956,e49e2fd935074715a021e1c14827fb69,aaafe26605b44b48a0173221e7498e25,"[1029.487, 851.1, 0.0]","[1018.757, 863.944, 0.453]",16.743,-14.8,10.79,0,1,0,1,9.93,18.254,10.94,-1.5110000000000028,-0.15000000000000036,19.79,10.9,-3.0470000000000006,-0.11000000000000121,21.296999999999997,10.81,-4.5539999999999985,-0.02000000000000135,22.811999999999998,10.8,-6.068999999999999,-0.010000000000001563,24.408,10.89,-7.665000000000003,-0.10000000000000142
22497,scene-0190,1533107517446344,1533107517915454,e49e2fd935074715a021e1c14827fb69,6ba1fc7602bd4023b8241cd2d2ff15b3,"[1028.409, 852.227, 0.0]","[1018.757, 863.944, 0.478]",15.187999999999999,-28.1,9.93,0,1,0,4,8.77,16.743,10.79,-1.5549999999999997,-0.8599999999999994,18.254,10.94,-3.0660000000000025,-1.0099999999999998,19.79,10.9,-4.602,-0.9700000000000006,21.296999999999997,10.81,-6.108999999999998,-0.8800000000000008,22.811999999999998,10.8,-7.623999999999999,-0.870000000000001
22499,scene-0190,1533107517946789,1533107518415190,e49e2fd935074715a021e1c14827fb69,214f67d70fd64ffea94be472dfc934de,"[1027.414, 853.285, 0.0]","[1018.732, 863.98, 0.478]",13.784,-38.6,8.77,0,4,0,6,7.5,15.187999999999999,9.93,-1.4039999999999981,-1.1600000000000001,16.743,10.79,-2.958999999999998,-2.0199999999999996,18.254,10.94,-4.470000000000001,-2.17,19.79,10.9,-6.0059999999999985,-2.130000000000001,21.296999999999997,10.81,-7.512999999999996,-2.040000000000001
22502,scene-0190,1533107518447228,1533107518915739,e49e2fd935074715a021e1c14827fb69,1ff539835d1545f58613fcee9b70afdc,"[1026.544, 854.247, 0.0]","[1018.708, 864.015, 0.478]",12.532,-44.5,7.5,0,6,0,8,6.22,13.784,8.77,-1.2520000000000007,-1.2699999999999996,15.187999999999999,9.93,-2.655999999999999,-2.4299999999999997,16.743,10.79,-4.2109999999999985,-3.289999999999999,18.254,10.94,-5.722000000000001,-3.4399999999999995,19.79,10.9,-7.257999999999999,-3.4000000000000004
22503,scene-0190,1533107518947643,1533107519414803,e49e2fd935074715a021e1c14827fb69,f1bf2358c61948889ef1ab6fa2301c96,"[1025.808, 855.092, 0.0]","[1018.708, 864.015, 0.503]",11.414000000000001,-47.2,6.22,0,8,0,12,4.74,12.532,7.5,-1.1179999999999986,-1.2800000000000002,13.784,8.77,-2.369999999999999,-2.55,15.187999999999999,9.93,-3.7739999999999974,-3.71,16.743,10.79,-5.328999999999997,-4.569999999999999,18.254,10.94,-6.84,-4.72
22506,scene-0190,1533107519447539,1533107519915240,e49e2fd935074715a021e1c14827fb69,370d6492c0914516aba76d2d310de49a,"[1025.223, 855.79, 0.0]","[1018.708, 864.015, 0.528]",10.505999999999998,-48.0,4.74,0,12,0,12,3.03,11.414000000000001,6.22,-0.908000000000003,-1.4799999999999995,12.532,7.5,-2.0260000000000016,-2.76,13.784,8.77,-3.2780000000000022,-4.029999999999999,15.187999999999999,9.93,-4.682,-5.1899999999999995,16.743,10.79,-6.237,-6.049999999999999
22507,scene-0190,1533107519946275,1533107520415371,e49e2fd935074715a021e1c14827fb69,cb5c4272314f43009c502fa9cb3aae0c,"[1024.762, 856.35, 0.0]","[1018.691, 864.038, 0.503]",9.809,-48.8,3.03,0,12,0,7,1.49,10.505999999999998,4.74,-0.6969999999999992,-1.7100000000000004,11.414000000000001,6.22,-1.6050000000000022,-3.19,12.532,7.5,-2.7230000000000008,-4.470000000000001,13.784,8.77,-3.9750000000000014,-5.74,15.187999999999999,9.93,-5.379,-6.9
22510,scene-0190,1533107520446147,1533107520915241,e49e2fd935074715a021e1c14827fb69,d4a4494d93e045c9b197fb9e82d3e920,"[1024.463, 856.734, 0.0]","[1018.675, 864.062, 0.478]",9.35,-49.3,1.49,0,7,0,12,0.0,9.809,3.03,-0.45899999999999963,-1.5399999999999998,10.505999999999998,4.74,-1.1559999999999988,-3.25,11.414000000000001,6.22,-2.064000000000002,-4.7299999999999995,12.532,7.5,-3.1820000000000004,-6.01,13.784,8.77,-4.434000000000001,-7.279999999999999
22511,scene-0190,1533107520946027,1533107521415234,e49e2fd935074715a021e1c14827fb69,6e84534e1a0d40a0a437d2b0dc76f9aa,"[1024.307, 856.944, 0.0]","[1018.651, 864.097, 0.478]",9.132,-49.8,0.0,0,12,0,12,0.0,9.35,1.49,-0.21799999999999997,-1.49,9.809,3.03,-0.6769999999999996,-3.03,10.505999999999998,4.74,-1.3739999999999988,-4.74,11.414000000000001,6.22,-2.282000000000002,-6.22,12.532,7.5,-3.4000000000000004,-7.5
22514,scene-0190,1533107521446515,1533107521914885,e49e2fd935074715a021e1c14827fb69,b3275768129342aeacc3cdd0950c1105,"[1024.24, 857.035, 0.0]","[1018.626, 864.132, 0.478]",9.062000000000001,-49.8,0.0,0,12,0,12,0.0,9.132,0.0,-0.06999999999999851,0.0,9.35,1.49,-0.2879999999999985,-1.49,9.809,3.03,-0.7469999999999981,-3.03,10.505999999999998,4.74,-1.4439999999999973,-4.74,11.414000000000001,6.22,-2.3520000000000003,-6.22
22516,scene-0190,1533107521946335,1533107522415769,e49e2fd935074715a021e1c14827fb69,2e90afa1fd754dd0babb65a6953c2356,"[1024.243, 857.037, 0.0]","[1018.63, 864.132, 0.482]",9.06,-49.8,0.0,0,12,0,12,0.0,9.062000000000001,0.0,-0.002000000000000668,0.0,9.132,0.0,-0.07199999999999918,0.0,9.35,1.49,-0.28999999999999915,-1.49,9.809,3.03,-0.7489999999999988,-3.03,10.505999999999998,4.74,-1.445999999999998,-4.74
22517,scene-0190,1533107522446782,1533107522915239,e49e2fd935074715a021e1c14827fb69,edf97bb2f1a14cf19ccce639fff83d5e,"[1024.248, 857.034, 0.0]","[1018.634, 864.131, 0.486]",9.062000000000001,-49.8,0.0,0,12,0,12,0.0,9.06,0.0,0.002000000000000668,0.0,9.062000000000001,0.0,0.0,0.0,9.132,0.0,-0.06999999999999851,0.0,9.35,1.49,-0.2879999999999985,-1.49,9.809,3.03,-0.7469999999999981,-3.03
22520,scene-0190,1533107522896871,1533107523415712,e49e2fd935074715a021e1c14827fb69,c425be5c43e247c48732d754ea98af5e,"[1024.25, 857.035, 0.0]","[1018.638, 864.131, 0.49]",9.06,-49.8,0.0,0,12,0,12,0.0,9.062000000000001,0.0,-0.002000000000000668,0.0,9.06,0.0,0.0,0.0,9.062000000000001,0.0,-0.002000000000000668,0.0,9.132,0.0,-0.07199999999999918,0.0,9.35,1.49,-0.28999999999999915,-1.49
22522,scene-0190,1533107523397296,1533107523915391,e49e2fd935074715a021e1c14827fb69,06ed6d4b1f504731af8c6447e5f7ea1a,"[1024.251, 857.036, 0.0]","[1018.642, 864.13, 0.494]",9.057,-49.7,0.0,0,12,0,12,0.0,9.06,0.0,-0.0030000000000001137,0.0,9.062000000000001,0.0,-0.005000000000000782,0.0,9.06,0.0,-0.0030000000000001137,0.0,9.062000000000001,0.0,-0.005000000000000782,0.0,9.132,0.0,-0.07499999999999929,0.0
22524,scene-0190,1533107523897185,1533107524415235,e49e2fd935074715a021e1c14827fb69,ada400fd9d84474591ee472dd58480d7,"[1024.253, 857.037, 0.0]","[1018.646, 864.13, 0.498]",9.055,-49.6,0.0,0,12,0,12,0.0,9.057,0.0,-0.002000000000000668,0.0,9.06,0.0,-0.005000000000000782,0.0,9.062000000000001,0.0,-0.0070000000000014495,0.0,9.06,0.0,-0.005000000000000782,0.0,9.062000000000001,0.0,-0.0070000000000014495,0.0
22525,scene-0190,1533107524397085,1533107524915279,e49e2fd935074715a021e1c14827fb69,03672ccb924446b096213afb610e3aad,"[1024.254, 857.038, 0.0]","[1018.65, 864.129, 0.501]",9.052,-49.6,0.0,0,12,0,12,0.0,9.055,0.0,-0.0030000000000001137,0.0,9.057,0.0,-0.005000000000000782,0.0,9.06,0.0,-0.008000000000000895,0.0,9.062000000000001,0.0,-0.010000000000001563,0.0,9.06,0.0,-0.008000000000000895,0.0
22527,scene-0190,1533107524896961,1533107525415191,e49e2fd935074715a021e1c14827fb69,cd20b9a8fe184e18a6f5df3e4e061fef,"[1024.254, 857.039, 0.0]","[1018.654, 864.129, 0.505]",9.049,-49.6,0.0,0,12,0,11,0.0,9.052,0.0,-0.0030000000000001137,0.0,9.055,0.0,-0.006000000000000227,0.0,9.057,0.0,-0.008000000000000895,0.0,9.06,0.0,-0.011000000000001009,0.0,9.062000000000001,0.0,-0.013000000000001677,0.0
22530,scene-0190,1533107525397356,1533107525915269,e49e2fd935074715a021e1c14827fb69,9162328a320b41328a03465cd63ac072,"[1024.255, 857.039, 0.0]","[1018.658, 864.128, 0.509]",9.046,-49.4,0.0,0,11,0,11,0.0,9.049,0.0,-0.0030000000000001137,0.0,9.052,0.0,-0.006000000000000227,0.0,9.055,0.0,-0.009000000000000341,0.0,9.057,0.0,-0.011000000000001009,0.0,9.06,0.0,-0.014000000000001123,0.0
22531,scene-0190,1533107525896697,1533107526415275,e49e2fd935074715a021e1c14827fb69,ca308d8afab8429e97376c4b4baecbec,"[1024.256, 857.04, 0.0]","[1018.662, 864.128, 0.513]",9.044,-49.4,0.0,0,11,0,11,0.0,9.046,0.0,-0.0019999999999988916,0.0,9.049,0.0,-0.004999999999999005,0.0,9.052,0.0,-0.007999999999999119,0.0,9.055,0.0,-0.010999999999999233,0.0,9.057,0.0,-0.0129999999999999,0.0
22534,scene-0190,1533107526396585,1533107526915757,e49e2fd935074715a021e1c14827fb69,a2465f0e91e1499aa951633412941de9,"[1024.256, 857.04, 0.0]","[1018.666, 864.127, 0.517]",9.041,-49.2,0.0,0,11,0,11,0.0,9.044,0.0,-0.0030000000000001137,0.0,9.046,0.0,-0.004999999999999005,0.0,9.049,0.0,-0.007999999999999119,0.0,9.052,0.0,-0.010999999999999233,0.0,9.055,0.0,-0.013999999999999346,0.0
22535,scene-0190,1533107526897004,1533107527414996,e49e2fd935074715a021e1c14827fb69,6b68aebfb19943f4bbe3060a76b5737b,"[1024.257, 857.041, 0.0]","[1018.67, 864.127, 0.521]",9.039,-48.5,0.0,0,11,0,11,0.0,9.041,0.0,-0.002000000000000668,0.0,9.044,0.0,-0.005000000000000782,0.0,9.046,0.0,-0.006999999999999673,0.0,9.049,0.0,-0.009999999999999787,0.0,9.052,0.0,-0.0129999999999999,0.0
22537,scene-0190,1533107527396861,1533107527414996,e49e2fd935074715a021e1c14827fb69,c3ada22c51274b48af0bc3f96e11dbdf,"[1024.257, 857.041, 0.0]","[1018.674, 864.126, 0.524]",9.036,-48.5,0.0,0,11,0,11,0.0,9.039,0.0,-0.0030000000000001137,0.0,9.041,0.0,-0.005000000000000782,0.0,9.044,0.0,-0.008000000000000895,0.0,9.046,0.0,-0.009999999999999787,0.0,9.049,0.0,-0.0129999999999999,0.0
22923,scene-0194,1533107751047175,1533107751414699,ed77c0e17186414c97aa3bf4ea3ea162,f12431c994374881b333e864592eba61,"[528.02, 1440.404, 0.0]","[523.007, 1414.697, 0.691]",26.201,-28.4,14.61,105,0,71,0,15.16,25.651,14.03,0.5500000000000007,0.5800000000000001,25.658,14.46,0.5429999999999993,0.14999999999999858,26.281,15.56,-0.0799999999999983,-0.9500000000000011,27.808000000000003,16.79,-1.6070000000000029,-2.1799999999999997,29.949,17.68,-3.748000000000001,-3.0700000000000003
22936,scene-0194,1533107751547044,1533107751915406,ed77c0e17186414c97aa3bf4ea3ea162,2d4d5b2f17d04754b33a32d069fd4539,"[527.789, 1438.422, 0.0]","[522.077, 1412.264, 0.632]",26.781999999999996,-28.3,15.16,71,0,244,0,15.58,26.201,14.61,0.580999999999996,0.5500000000000007,25.651,14.03,1.1309999999999967,1.1300000000000008,25.658,14.46,1.1239999999999952,0.6999999999999993,26.281,15.56,0.5009999999999977,-0.40000000000000036,27.808000000000003,16.79,-1.026000000000007,-1.629999999999999
22945,scene-0194,1533107752046925,1533107752414269,ed77c0e17186414c97aa3bf4ea3ea162,8d0db550f7f54c76b83d0a78e016ea35,"[527.488, 1436.269, 0.0]","[521.013, 1409.158, 0.573]",27.879,-20.7,15.58,244,0,347,0,17.41,26.781999999999996,15.16,1.0970000000000049,0.41999999999999993,26.201,14.61,1.6780000000000008,0.9700000000000006,25.651,14.03,2.2280000000000015,1.5500000000000007,25.658,14.46,2.221,1.1199999999999992,26.281,15.56,1.5980000000000025,0.019999999999999574
22953,scene-0194,1533107752446710,1533107752914258,ed77c0e17186414c97aa3bf4ea3ea162,5a8c59048b314ae0b82917d3819a1147,"[527.199, 1434.545, 0.0]","[520.007, 1406.514, 0.564]",28.944000000000003,-14.6,17.41,347,0,211,0,19.83,27.879,15.58,1.0650000000000013,1.83,26.781999999999996,15.16,2.162000000000006,2.25,26.201,14.61,2.743000000000002,2.8000000000000007,25.651,14.03,3.293000000000003,3.380000000000001,25.658,14.46,3.2860000000000014,2.9499999999999993
22957,scene-0194,1533107752946592,1533107753413754,ed77c0e17186414c97aa3bf4ea3ea162,38e95c9547d149299485cd5e244249ee,"[526.762, 1432.307, 0.0]","[518.709, 1403.047, 0.455]",30.351,-10.5,19.83,211,0,40,0,21.15,28.944000000000003,17.41,1.4069999999999965,2.419999999999998,27.879,15.58,2.4719999999999978,4.249999999999998,26.781999999999996,15.16,3.5690000000000026,4.669999999999998,26.201,14.61,4.149999999999999,5.219999999999999,25.651,14.03,4.699999999999999,5.799999999999999
22965,scene-0194,1533107753447012,1533107753913903,ed77c0e17186414c97aa3bf4ea3ea162,4c124fd7e0fb4bc5838ae05b284b2de6,"[526.215, 1429.71, 0.0]","[517.281, 1399.441, 0.396]",31.563000000000002,-7.4,21.15,40,0,57,0,20.98,30.351,19.83,1.2120000000000033,1.3200000000000003,28.944000000000003,17.41,2.6189999999999998,3.7399999999999984,27.879,15.58,3.684000000000001,5.5699999999999985,26.781999999999996,15.16,4.781000000000006,5.989999999999998,26.201,14.61,5.362000000000002,6.539999999999999
22973,scene-0194,1533107753947463,1533107754414599,ed77c0e17186414c97aa3bf4ea3ea162,cc2df6e96e6d4149a40ea954bfce6f44,"[525.571, 1426.86, 0.0]","[515.902, 1396.026, 0.337]",32.316,-7.0,20.98,57,0,47,0,21.0,31.563000000000002,21.15,0.7530000000000001,-0.16999999999999815,30.351,19.83,1.9650000000000034,1.1500000000000021,28.944000000000003,17.41,3.372,3.5700000000000003,27.879,15.58,4.437000000000001,5.4,26.781999999999996,15.16,5.534000000000006,5.82
22979,scene-0194,1533107754448439,1533107754914242,ed77c0e17186414c97aa3bf4ea3ea162,50a91a016eec45d9ba3a80be78f9c438,"[524.882, 1423.943, 0.0]","[514.459, 1392.574, 0.262]",33.056,-7.1,21.0,47,0,118,0,21.08,32.316,20.98,0.7399999999999949,0.019999999999999574,31.563000000000002,21.15,1.492999999999995,-0.14999999999999858,30.351,19.83,2.7049999999999983,1.1700000000000017,28.944000000000003,17.41,4.111999999999995,3.59,27.879,15.58,5.176999999999996,5.42
22992,scene-0194,1533107754899105,1533107755414592,ed77c0e17186414c97aa3bf4ea3ea162,c3456044765a469ea4acc0b72413bbd5,"[524.252, 1421.374, 0.0]","[513.177, 1389.54, 0.236]",33.705999999999996,-7.4,21.08,118,0,118,0,21.64,33.056,21.0,0.6499999999999986,0.0799999999999983,32.316,20.98,1.3899999999999935,0.09999999999999787,31.563000000000002,21.15,2.1429999999999936,-0.07000000000000028,30.351,19.83,3.354999999999997,1.25,28.944000000000003,17.41,4.761999999999993,3.669999999999998
22997,scene-0194,1533107755399024,1533107755914792,ed77c0e17186414c97aa3bf4ea3ea162,2b888870e2304379afbf0b121097715c,"[523.523, 1418.496, 0.0]","[512.101, 1386.856, 0.16]",33.639,-9.4,21.64,118,0,32,0,22.29,33.705999999999996,21.08,-0.06699999999999307,0.5600000000000023,33.056,21.0,0.5830000000000055,0.6400000000000006,32.316,20.98,1.3230000000000004,0.6600000000000001,31.563000000000002,21.15,2.0760000000000005,0.490000000000002,30.351,19.83,3.288000000000004,1.8100000000000023
23007,scene-0194,1533107755896645,1533107756414541,ed77c0e17186414c97aa3bf4ea3ea162,911220cfa35c4b3fa448bf5c08f0504b,"[522.76, 1415.637, 0.0]","[511.331, 1384.288, 0.135]",33.368,-12.0,22.29,32,0,0,0,22.39,33.639,21.64,-0.2710000000000008,0.6499999999999986,33.705999999999996,21.08,-0.33799999999999386,1.2100000000000009,33.056,21.0,0.3120000000000047,1.2899999999999991,32.316,20.98,1.0519999999999996,1.3099999999999987,31.563000000000002,21.15,1.8049999999999997,1.1400000000000006
23011,scene-0194,1533107756397072,1533107756914029,ed77c0e17186414c97aa3bf4ea3ea162,20d223f54b4a4282921443d03cb86706,"[521.924, 1412.662, 0.0]","[510.834, 1382.321, 0.134]",32.305,-12.6,22.39,0,0,0,1,21.84,33.368,22.29,-1.0630000000000024,0.10000000000000142,33.639,21.64,-1.3340000000000032,0.75,33.705999999999996,21.08,-1.4009999999999962,1.3100000000000023,33.056,21.0,-0.7509999999999977,1.3900000000000006,32.316,20.98,-0.011000000000002785,1.4100000000000001
23024,scene-0194,1533107756897496,1533107757413853,ed77c0e17186414c97aa3bf4ea3ea162,4ade326e3cac457099bb4334f09997d4,"[521.014, 1409.632, 0.0]","[510.566, 1380.651, 0.133]",30.807,-13.2,21.84,0,1,0,0,20.69,32.305,22.39,-1.498000000000001,-0.5500000000000007,33.368,22.29,-2.5610000000000035,-0.4499999999999993,33.639,21.64,-2.8320000000000043,0.1999999999999993,33.705999999999996,21.08,-2.8989999999999974,0.7600000000000016,33.056,21.0,-2.2489999999999988,0.8399999999999999
23025,scene-0194,1533107757397359,1533107757914464,ed77c0e17186414c97aa3bf4ea3ea162,043d42facf3b417d9eb7405003e56285,"[520.05, 1406.625, 0.0]","[510.393, 1379.52, 0.133]",28.774,-13.7,20.69,0,0,0,0,19.13,30.807,21.84,-2.0329999999999977,-1.1499999999999986,32.305,22.39,-3.530999999999999,-1.6999999999999993,33.368,22.29,-4.594000000000001,-1.5999999999999979,33.639,21.64,-4.865000000000002,-0.9499999999999993,33.705999999999996,21.08,-4.931999999999995,-0.389999999999997
23035,scene-0194,1533107757947571,1533107758414191,ed77c0e17186414c97aa3bf4ea3ea162,015f648a9fec493797b2734cdc9d3fde,"[518.988, 1403.481, 0.0]","[510.326, 1378.717, 0.182]",26.236,-13.7,19.13,0,0,0,0,17.62,28.774,20.69,-2.5380000000000003,-1.5600000000000023,30.807,21.84,-4.570999999999998,-2.710000000000001,32.305,22.39,-6.068999999999999,-3.2600000000000016,33.368,22.29,-7.1320000000000014,-3.16,33.639,21.64,-7.403000000000002,-2.5100000000000016
23047,scene-0194,1533107758448026,1533107758913998,ed77c0e17186414c97aa3bf4ea3ea162,6c2e6fb4c33f4849a1db1825f4ec69ea,"[518.03, 1400.815, 0.0]","[510.289, 1378.344, 0.231]",23.768,-13.3,17.62,0,0,0,0,15.97,26.236,19.13,-2.468,-1.509999999999998,28.774,20.69,-5.006,-3.0700000000000003,30.807,21.84,-7.038999999999998,-4.219999999999999,32.305,22.39,-8.536999999999999,-4.77,33.368,22.29,-9.600000000000001,-4.669999999999998
23052,scene-0194,1533107758947859,1533107759414304,ed77c0e17186414c97aa3bf4ea3ea162,6bc4d8edf0fc43de94002b0e1a365baa,"[517.126, 1398.436, 0.0]","[510.276, 1378.167, 0.306]",21.397,-8.1,15.97,0,0,0,0,14.55,23.768,17.62,-2.371000000000002,-1.6500000000000004,26.236,19.13,-4.839000000000002,-3.1599999999999984,28.774,20.69,-7.3770000000000024,-4.720000000000001,30.807,21.84,-9.41,-5.869999999999999,32.305,22.39,-10.908000000000001,-6.42
23058,scene-0194,1533107759447738,1533107759913960,ed77c0e17186414c97aa3bf4ea3ea162,2d86978abc9347ecaed32355e2eed92b,"[516.281, 1396.244, 0.0]","[510.291, 1377.987, 0.38]",19.219,-8.3,14.55,0,0,0,0,12.93,21.397,15.97,-2.1779999999999973,-1.42,23.768,17.62,-4.5489999999999995,-3.0700000000000003,26.236,19.13,-7.0169999999999995,-4.579999999999998,28.774,20.69,-9.555,-6.140000000000001,30.807,21.84,-11.587999999999997,-7.289999999999999
23065,scene-0194,1533107759948171,1533107760414146,ed77c0e17186414c97aa3bf4ea3ea162,6b9b0f745ac643ed8ebc1c803d538012,"[515.491, 1394.28, 0.0]","[510.225, 1377.815, 0.379]",17.291,-8.3,12.93,0,0,0,0,11.38,19.219,14.55,-1.9280000000000008,-1.620000000000001,21.397,15.97,-4.105999999999998,-3.040000000000001,23.768,17.62,-6.477,-4.690000000000001,26.236,19.13,-8.945,-6.199999999999999,28.774,20.69,-11.483,-7.760000000000002
23072,scene-0194,1533107760448079,1533107760914551,ed77c0e17186414c97aa3bf4ea3ea162,736287a4799c4a9bbab82d922b14039f,"[514.777, 1392.526, 0.0]","[510.256, 1377.409, 0.479]",15.786,-8.0,11.38,0,0,0,1,10.05,17.291,12.93,-1.5050000000000008,-1.549999999999999,19.219,14.55,-3.4330000000000016,-3.17,21.397,15.97,-5.610999999999999,-4.59,23.768,17.62,-7.982000000000001,-6.24,26.236,19.13,-10.450000000000001,-7.749999999999998
23083,scene-0194,1533107760947949,1533107761413970,ed77c0e17186414c97aa3bf4ea3ea162,38b1eba8fb644fd2bf7019efd5f6f0b1,"[514.145, 1391.009, 0.0]","[510.214, 1376.999, 0.472]",14.559000000000001,-7.6,10.05,0,1,0,5,8.75,15.786,11.38,-1.2269999999999985,-1.33,17.291,12.93,-2.7319999999999993,-2.879999999999999,19.219,14.55,-4.66,-4.5,21.397,15.97,-6.837999999999997,-5.92,23.768,17.62,-9.209,-7.57
23090,scene-0194,1533107761447798,1533107761913821,ed77c0e17186414c97aa3bf4ea3ea162,c0dae81657d14522a2818cddeb93b445,"[513.569, 1389.644, 0.0]","[510.199, 1376.587, 0.516]",13.495,-3.4,8.75,0,5,0,8,7.25,14.559000000000001,10.05,-1.0640000000000018,-1.3000000000000007,15.786,11.38,-2.2910000000000004,-2.630000000000001,17.291,12.93,-3.796000000000001,-4.18,19.219,14.55,-5.724000000000002,-5.800000000000001,21.397,15.97,-7.901999999999999,-7.220000000000001
23092,scene-0194,1533107761946565,1533107762414147,ed77c0e17186414c97aa3bf4ea3ea162,e8f194438e534f1795aee882bde3597a,"[513.077, 1388.486, 0.0]","[510.2, 1376.149, 0.567]",12.681,16.5,7.25,0,8,0,5,6.23,13.495,8.75,-0.8140000000000001,-1.5,14.559000000000001,10.05,-1.878000000000002,-2.8000000000000007,15.786,11.38,-3.1050000000000004,-4.130000000000001,17.291,12.93,-4.610000000000001,-5.68,19.219,14.55,-6.538000000000002,-7.300000000000001
23099,scene-0194,1533107762446448,1533107762914211,ed77c0e17186414c97aa3bf4ea3ea162,1cd77ff6d2944ff0ac8e6b80a8b0b0e3,"[512.636, 1387.461, 0.0]","[510.246, 1375.703, 0.598]",12.014000000000001,54.1,6.23,0,5,0,6,5.62,12.681,7.25,-0.666999999999998,-1.0199999999999996,13.495,8.75,-1.480999999999998,-2.5199999999999996,14.559000000000001,10.05,-2.545,-3.8200000000000003,15.786,11.38,-3.7719999999999985,-5.15,17.291,12.93,-5.276999999999999,-6.699999999999999
23106,scene-0194,1533107762946873,1533107763414446,ed77c0e17186414c97aa3bf4ea3ea162,ec0223e3c98b452f98e4d12ca94adf2f,"[512.306, 1386.668, 0.0]","[510.309, 1375.519, 0.625]",11.344000000000001,87.6,5.62,0,6,0,7,4.6,12.014000000000001,6.23,-0.6699999999999999,-0.6100000000000003,12.681,7.25,-1.336999999999998,-1.63,13.495,8.75,-2.150999999999998,-3.13,14.559000000000001,10.05,-3.215,-4.430000000000001,15.786,11.38,-4.441999999999998,-5.760000000000001
23115,scene-0194,1533107763447304,1533107763914179,ed77c0e17186414c97aa3bf4ea3ea162,62ca59cd120d402992099668fb98744f,"[512.007, 1385.906, 0.0]","[510.332, 1375.151, 0.625]",10.902999999999999,118.9,4.6,0,7,0,3,3.64,11.344000000000001,5.62,-0.4410000000000025,-1.0200000000000005,12.014000000000001,6.23,-1.1110000000000024,-1.6300000000000008,12.681,7.25,-1.7780000000000005,-2.6500000000000004,13.495,8.75,-2.5920000000000005,-4.15,14.559000000000001,10.05,-3.6560000000000024,-5.450000000000001
23120,scene-0194,1533107763946631,1533107764414188,ed77c0e17186414c97aa3bf4ea3ea162,e477bc7b54c4444b90c8051926995205,"[511.767, 1385.23, 0.0]","[510.4, 1374.499, 0.625]",10.835999999999999,133.5,3.64,0,3,0,1,3.45,10.902999999999999,4.6,-0.06700000000000017,-0.9599999999999995,11.344000000000001,5.62,-0.5080000000000027,-1.98,12.014000000000001,6.23,-1.1780000000000026,-2.5900000000000003,12.681,7.25,-1.8450000000000006,-3.61,13.495,8.75,-2.6590000000000007,-5.109999999999999
23125,scene-0194,1533107764447062,1533107764914379,ed77c0e17186414c97aa3bf4ea3ea162,3eeb4b207a4e4e70b1de65a48f2f94bd,"[511.615, 1384.749, 0.0]","[510.484, 1373.639, 0.691]",11.189,131.1,3.45,0,1,0,0,3.77,10.835999999999999,3.64,0.35300000000000153,-0.18999999999999995,10.902999999999999,4.6,0.28600000000000136,-1.1499999999999995,11.344000000000001,5.62,-0.15500000000000114,-2.17,12.014000000000001,6.23,-0.8250000000000011,-2.7800000000000002,12.681,7.25,-1.491999999999999,-3.8
23129,scene-0194,1533107764947502,1533107765413817,ed77c0e17186414c97aa3bf4ea3ea162,c6bd1fb6634f4275ae82a6ed59c05cfd,"[511.5, 1384.338, 0.0]","[510.918, 1372.333, 0.625]",12.035,128.5,3.77,0,0,0,0,4.14,11.189,3.45,0.8460000000000001,0.31999999999999984,10.835999999999999,3.64,1.1990000000000016,0.1299999999999999,10.902999999999999,4.6,1.1320000000000014,-0.8299999999999996,11.344000000000001,5.62,0.690999999999999,-1.85,12.014000000000001,6.23,0.02099999999999902,-2.4600000000000004
23131,scene-0194,1533107765446258,1533107765914550,ed77c0e17186414c97aa3bf4ea3ea162,8288931e20af40abbdd0b640c15549de,"[511.378, 1383.865, 0.0]","[511.66, 1371.039, 0.619]",12.844000000000001,155.1,4.14,0,0,0,1,4.51,12.035,3.77,0.809000000000001,0.36999999999999966,11.189,3.45,1.6550000000000011,0.6899999999999995,10.835999999999999,3.64,2.0080000000000027,0.49999999999999956,10.902999999999999,4.6,1.9410000000000025,-0.45999999999999996,11.344000000000001,5.62,1.5,-1.4800000000000004
23136,scene-0194,1533107765945593,1533107766414180,ed77c0e17186414c97aa3bf4ea3ea162,6d59ca191ce24cd78ec17eb8509e90b1,"[511.261, 1383.34, 0.0]","[512.868, 1369.364, 0.542]",14.078,151.8,4.51,0,1,0,5,4.4,12.844000000000001,4.14,1.2339999999999982,0.3700000000000001,12.035,3.77,2.0429999999999993,0.7399999999999998,11.189,3.45,2.8889999999999993,1.0599999999999996,10.835999999999999,3.64,3.242000000000001,0.8699999999999997,10.902999999999999,4.6,3.1750000000000007,-0.08999999999999986
23140,scene-0194,1533107766445456,1533107766914652,ed77c0e17186414c97aa3bf4ea3ea162,b170c7c206a84e159d81ad617b67991f,"[511.155, 1382.754, 0.0]","[514.568, 1367.75, 0.447]",15.394,143.8,4.4,0,5,0,12,3.49,14.078,4.51,1.3160000000000007,-0.10999999999999943,12.844000000000001,4.14,2.549999999999999,0.2600000000000007,12.035,3.77,3.359,0.6300000000000003,11.189,3.45,4.205,0.9500000000000002,10.835999999999999,3.64,4.558000000000002,0.7600000000000002
23145,scene-0194,1533107766946438,1533107767413914,ed77c0e17186414c97aa3bf4ea3ea162,7118482a3e3640648babd8b3f51717aa,"[511.062, 1382.082, 0.0]","[516.528, 1366.427, 0.418]",16.587,143.6,3.49,0,12,0,13,1.69,15.394,4.4,1.1929999999999996,-0.9100000000000001,14.078,4.51,2.5090000000000003,-1.0199999999999996,12.844000000000001,4.14,3.7429999999999986,-0.6499999999999995,12.035,3.77,4.552,-0.2799999999999998,11.189,3.45,5.398,0.040000000000000036
23149,scene-0194,1533107767447413,1533107767914228,ed77c0e17186414c97aa3bf4ea3ea162,5c8ab1cd49b14c26a785bbf5fde2c373,"[511.004, 1381.514, 0.0]","[518.73, 1365.294, 0.405]",17.971,143.7,1.69,0,13,0,6,0.0,16.587,3.49,1.3840000000000003,-1.8000000000000003,15.394,4.4,2.577,-2.7100000000000004,14.078,4.51,3.8930000000000007,-2.82,12.844000000000001,4.14,5.126999999999999,-2.4499999999999997,12.035,3.77,5.936,-2.08
