,scene,timestamp,utime,inst_token,ann_token,ego_pos,object_pos,distance,steering,ego_speed,throttle,brake,future_throttle,future_brake,futur_speed
0,scene-0061,1532402927647951,1532402928127800,c1958768d48640948f6053d04cffd35b,49f76277d07541c5a584aa14c9d28754,"[411.304, 1180.89, 0.0]","[399.863, 1143.574, 0.738]",39.038,3.0,31.44,0,0,0,0,30.73
1,scene-0061,1532402928147847,1532402928627159,c1958768d48640948f6053d04cffd35b,ae589a5a2bdb4813ae8021cd51b7e6eb,"[409.743, 1176.677, 0.0]","[398.996, 1141.132, 0.738]",37.142,3.5,30.73,0,0,0,0,29.45
2,scene-0061,1532402928698048,1532402929127810,c1958768d48640948f6053d04cffd35b,e7a2133afb9c4c9b834225cc959d475a,"[408.102, 1172.152, 0.0]","[398.116, 1138.632, 0.738]",34.983,3.6,29.45,0,0,0,0,28.09
3,scene-0061,1532402929197353,1532402929627057,c1958768d48640948f6053d04cffd35b,5a390e5c3f6249bb9f99c9be52614dd2,"[406.726, 1168.211, 0.0]","[397.624, 1136.322, 0.738]",33.171,3.6,28.09,0,0,0,0,27.07
4,scene-0061,1532402929697797,1532402930127656,c1958768d48640948f6053d04cffd35b,0e5ab4ede0ad4cafaee8de500415e29a,"[405.409, 1164.354, 0.0]","[397.133, 1134.052, 0.738]",31.421,3.5,27.07,0,0,0,0,26.25
5,scene-0061,1532402930152601,1532402930627445,c1958768d48640948f6053d04cffd35b,4a8dd530b1144dd1b8217dbe74b60e63,"[404.278, 1161.05, 0.0]","[396.794, 1132.149, 0.738]",29.863,3.6,26.25,0,0,0,0,25.35
6,scene-0061,1532402930648325,1532402931127168,c1958768d48640948f6053d04cffd35b,92a23fb25b98444e93afd004ca31cca2,"[403.115, 1157.518, 0.0]","[396.625, 1130.226, 0.763]",28.063,4.0,25.35,0,0,0,0,24.51
7,scene-0061,1532402931198511,1532402931627135,c1958768d48640948f6053d04cffd35b,5e5e0db2bcf642d680865d7c88a62f76,"[401.882, 1153.723, 0.0]","[396.575, 1128.037, 0.788]",26.24,4.7,24.51,0,0,0,0,23.58
8,scene-0061,1532402931697833,1532402932127384,c1958768d48640948f6053d04cffd35b,49e7210442be48f495c50e38a50abdbf,"[400.841, 1150.404, 0.0]","[396.706, 1126.176, 0.822]",24.592,6.5,23.58,0,0,0,0,22.69
9,scene-0061,1532402932197715,1532402932626799,c1958768d48640948f6053d04cffd35b,bb4c6ddbf99a4f1c930d01efd0bbfcd3,"[399.844, 1147.174, 0.0]","[396.978, 1124.331, 0.855]",23.037,12.6,22.69,0,0,0,0,21.89
10,scene-0061,1532402932647284,1532402933127327,c1958768d48640948f6053d04cffd35b,8d72d40ef47c4210ac6d4381187fb84d,"[399.02, 1144.399, 0.0]","[397.341, 1122.8, 0.888]",21.682,23.8,21.89,0,0,0,0,21.2
11,scene-0061,1532402933146604,1532402933627160,c1958768d48640948f6053d04cffd35b,fb5169ad9daa4d1086ec59d6cf5ed4b0,"[398.167, 1141.37, 0.0]","[397.846, 1121.112, 0.922]",20.282,34.4,21.2,0,0,0,0,20.25
12,scene-0061,1532402933646462,1532402934126855,c1958768d48640948f6053d04cffd35b,88520cc88ba144e68d63de11fbc12d0a,"[397.448, 1138.47, 0.0]","[398.453, 1119.579, 0.955]",18.942,45.8,20.25,0,0,0,0,19.34
13,scene-0061,1532402934146351,1532402934627536,c1958768d48640948f6053d04cffd35b,d42112ee919b4f4d905d6206e3de9a73,"[396.884, 1135.656, 0.0]","[399.156, 1118.16, 0.988]",17.671,69.8,19.34,0,0,0,0,18.33
14,scene-0061,1532402934696555,1532402935127340,c1958768d48640948f6053d04cffd35b,083c23464b7d4f2682d1b0c33996af5f,"[396.444, 1132.627, 0.0]","[400.204, 1116.512, 1.038]",16.58,87.6,18.33,0,0,0,0,17.47
15,scene-0061,1532402935197541,1532402935627675,c1958768d48640948f6053d04cffd35b,f0d891697c4e408bbe5037b94486a7be,"[396.287, 1130.055, 0.0]","[401.36, 1115.102, 1.088]",15.827,90.8,17.47,0,0,0,0,16.58
16,scene-0061,1532402935697945,1532402936127003,c1958768d48640948f6053d04cffd35b,b51c154d31f74655b9c680a9341041b2,"[396.372, 1127.576, 0.0]","[402.713, 1113.793, 1.138]",15.214,98.9,16.58,0,0,48,0,15.71
17,scene-0061,1532402936198962,1532402936627017,c1958768d48640948f6053d04cffd35b,3715bc2122d34f61aa03030f91ec1894,"[396.682, 1125.256, 0.0]","[404.193, 1112.686, 1.101]",14.685,102.0,15.71,48,0,79,0,15.55
18,scene-0061,1532402936699359,1532402937127649,c1958768d48640948f6053d04cffd35b,1d4287f8400a4edb9482bfb47da8ac9f,"[397.185, 1123.06, 0.0]","[405.71, 1111.637, 1.063]",14.293,112.7,15.55,79,0,0,0,15.92
19,scene-0061,1532402937198682,1532402937627089,c1958768d48640948f6053d04cffd35b,523673d1e7e1442db94de37e8e545971,"[397.861, 1121.077, 0.0]","[407.197, 1110.809, 1.026]",13.916,117.1,15.92,0,0,0,0,15.79
20,scene-0061,1532402937698000,1532402938127018,c1958768d48640948f6053d04cffd35b,53467d68e9a34a6cb3c91068000b6e08,"[398.76, 1119.128, 0.0]","[408.562, 1110.104, 0.988]",13.36,117.1,15.79,0,0,0,0,15.39
21,scene-0061,1532402938197897,1532402938627564,c1958768d48640948f6053d04cffd35b,0f2efdc2c7ab463e93825dbf849dbcdb,"[399.908, 1117.209, 0.0]","[409.897, 1109.434, 0.988]",12.697,114.9,15.39,0,0,0,0,14.86
22,scene-0061,1532402938647444,1532402939128381,c1958768d48640948f6053d04cffd35b,2bff484f662f4a438751c5daac0f4d5e,"[401.065, 1115.678, 0.0]","[411.035, 1108.881, 0.988]",12.107,105.6,14.86,0,0,0,1,14.07
23,scene-0061,1532402939147334,1532402939627276,c1958768d48640948f6053d04cffd35b,d68b784ebd124073b23767a09e643926,"[402.474, 1114.149, 0.0]","[412.296, 1108.324, 0.988]",11.462,102.4,14.07,0,1,0,0,11.41
24,scene-0061,1532402939697511,1532402940627263,c1958768d48640948f6053d04cffd35b,0b875cbe5c924238a3a54f80846b8110,"[404.114, 1112.676, 0.0]","[413.638, 1107.792, 0.988]",10.749,74.6,11.41,0,0,0,0,10.63
25,scene-0061,1532402940197958,1532402941126977,c1958768d48640948f6053d04cffd35b,3b98da648ec54580a4e6aff7c1aa750d,"[405.594, 1111.559, 0.0]","[414.858, 1107.239, 0.988]",10.269,67.9,10.63,0,0,0,0,9.88
26,scene-0061,1532402940797343,1532402941626849,c1958768d48640948f6053d04cffd35b,7a10260537024347b87c8b499ea88a15,"[407.235, 1110.495, 0.0]","[416.431, 1106.546, 0.988]",10.056,51.4,9.88,0,0,0,0,9.23
27,scene-0061,1532402941297218,1532402942126884,c1958768d48640948f6053d04cffd35b,cfe1457a99e4465f8e6b683a4688e813,"[408.529, 1109.754, 0.0]","[417.777, 1105.942, 0.988]",10.051,21.7,9.23,0,0,0,0,8.77
28,scene-0061,1532402941797653,1532402942626612,c1958768d48640948f6053d04cffd35b,cdfd8e85d17942f8820c2f234239b874,"[409.736, 1109.123, 0.0]","[419.123, 1105.339, 0.988]",10.169,9.9,8.77,0,0,0,0,8.49
29,scene-0061,1532402942197463,1532402943127326,c1958768d48640948f6053d04cffd35b,8633be668e3445b19f26465ff6bdf5a4,"[410.665, 1108.672, 0.0]","[420.201, 1104.947, 0.988]",10.285,2.4,8.49,0,0,0,0,8.21
30,scene-0061,1532402942697870,1532402943627546,c1958768d48640948f6053d04cffd35b,97a12a3973934204bc927bf2c6328e16,"[411.779, 1108.142, 0.0]","[421.476, 1104.531, 0.988]",10.394,1.9,8.21,0,0,0,0,8.21
31,scene-0061,1532402943197769,1532402944127527,c1958768d48640948f6053d04cffd35b,c2721bb7f86f48e58800f40a3b5ad613,"[412.849, 1107.64, 0.0]","[422.729, 1104.393, 0.988]",10.447,5.6,8.21,0,0,0,0,8.29
32,scene-0061,1532402943697655,1532402944627353,c1958768d48640948f6053d04cffd35b,dfcd70bb4efa4ae29a99cf19d3d0cfa0,"[413.902, 1107.148, 0.0]","[423.942, 1104.199, 0.972]",10.509,29.1,8.29,0,0,0,0,8.3
33,scene-0061,1532402944198088,1532402945126725,c1958768d48640948f6053d04cffd35b,4e9a65ceca9a4533aed3cfd6ff8eba08,"[414.964, 1106.652, 0.0]","[425.177, 1104.334, 0.955]",10.516,79.3,8.3,0,0,0,0,8.39
34,scene-0061,1532402944697931,1532402945627355,c1958768d48640948f6053d04cffd35b,2019267b05624caf8cbdf9db842d3cf5,"[415.985, 1106.182, 0.0]","[426.23, 1104.619, 0.938]",10.406,104.6,8.39,0,0,0,2,8.25
35,scene-0061,1532402945197276,1532402946127094,c1958768d48640948f6053d04cffd35b,1263af5649bd4c6caa33272276a0329c,"[417.022, 1105.722, 0.0]","[427.101, 1105.125, 1.022]",10.149,123.8,8.25,0,2,0,6,7.5
36,scene-0061,1532402945697148,1532402946627093,c1958768d48640948f6053d04cffd35b,cad8d5a3f7cc4c55bc44da68369f49da,"[418.165, 1105.272, 0.0]","[427.868, 1105.779, 1.105]",9.779,155.8,7.5,0,6,0,2,6.12
0,scene-0010,1531884391046861,1531884391387959,fabfd803ac214e3290c6e9d3684f98a4,4c05838b14484759a3fc675208f3c454,"[808.817, 1272.432, 0.0]","[773.796, 1221.301, 0.702]",61.978,-138.5,18.58,167,0,210,0,19.77
1,scene-0010,1531884391546186,1531884391888254,fabfd803ac214e3290c6e9d3684f98a4,1ec9abce73b347cc8214487685b108e4,"[807.857, 1270.037, 0.0]","[773.841, 1221.261, 0.723]",59.47,-81.8,19.77,210,0,228,0,21.2
2,scene-0010,1531884392045526,1531884392388054,fabfd803ac214e3290c6e9d3684f98a4,0d78e6545edc4f74ba5505a8c7d9754a,"[806.475, 1267.649, 0.0]","[773.887, 1221.221, 0.745]",56.729,-38.2,21.2,228,0,242,0,22.69
3,scene-0010,1531884392546489,1531884392888108,c5d913c8756b422ab5c9b50a0f62111e,114fa3804f404eeaae193032e1debe18,"[804.8, 1265.257, 0.0]","[787.918, 1236.628, 0.551]",33.24,-16.4,22.69,242,0,246,0,24.21
4,scene-0010,1531884393047484,1531884393387486,fabfd803ac214e3290c6e9d3684f98a4,5814bae1caa44f859fef9a2fff72d503,"[802.847, 1262.73, 0.0]","[773.971, 1221.147, 0.741]",50.631,-9.6,24.21,246,0,246,0,25.77
5,scene-0010,1531884393548493,1531884393887952,fabfd803ac214e3290c6e9d3684f98a4,cf2f1749210e4331b505f3a0ed52cae4,"[800.718, 1260.086, 0.0]","[774.01, 1221.112, 0.715]",47.252,-5.7,25.77,246,0,246,0,27.17
6,scene-0010,1531884394048904,1531884394387920,fabfd803ac214e3290c6e9d3684f98a4,14973e8d82d340159eed629d5fb0a860,"[798.411, 1257.278, 0.0]","[774.049, 1221.078, 0.689]",43.64,-0.4,27.17,246,0,246,0,28.72
7,scene-0010,1531884394548784,1531884394887323,fabfd803ac214e3290c6e9d3684f98a4,1b7c699ee71f43019b7b3b9b8829d711,"[795.986, 1254.351, 0.0]","[774.088, 1221.043, 0.663]",39.867,0.1,28.72,246,0,246,0,30.32
8,scene-0010,1531884395048658,1531884395387467,fabfd803ac214e3290c6e9d3684f98a4,56efbcb743374ea78034009540b1dcae,"[793.424, 1251.278, 0.0]","[774.126, 1221.009, 0.716]",35.905,1.6,30.32,246,0,218,0,31.82
9,scene-0010,1531884395549070,1531884395887539,fabfd803ac214e3290c6e9d3684f98a4,fef9c89e5b6842939b5cd0d116d20b13,"[790.668, 1247.938, 0.0]","[774.165, 1220.975, 0.769]",31.622,-3.9,31.82,218,0,179,0,33.03
10,scene-0010,1531884396049547,1531884396388210,d5c17c0de2d74d4786d6a7316a9e0d06,c86cca4d72c6497db188e1b2117d7480,"[787.817, 1244.45, 0.0]","[755.88, 1198.855, 1.664]",55.692,-2.9,33.03,179,0,159,0,33.89
11,scene-0010,1531884396549976,1531884396887864,d5c17c0de2d74d4786d6a7316a9e0d06,71d0644d3aea4a409a31bb8b74156386,"[784.86, 1240.891, 0.0]","[755.903, 1198.855, 1.655]",51.071,0.4,33.89,159,0,153,0,34.5
12,scene-0010,1531884397049825,1531884397387726,d5c17c0de2d74d4786d6a7316a9e0d06,838fbd7a38764b969e80e4e8806f6765,"[781.807, 1237.209, 0.0]","[755.926, 1198.854, 1.647]",46.3,0.2,34.5,153,0,131,0,35.1
13,scene-0010,1531884397549708,1531884397887847,d5c17c0de2d74d4786d6a7316a9e0d06,9077ddb57e174374a5c6dc2ed8d1e5e3,"[778.694, 1233.397, 0.0]","[755.866, 1198.816, 1.621]",41.469,-0.4,35.1,131,0,128,0,35.5
14,scene-0010,1531884398048515,1531884398387893,d5c17c0de2d74d4786d6a7316a9e0d06,6fdc48f3b54243ec86d2c59505af96b5,"[775.589, 1229.569, 0.0]","[755.806, 1198.777, 1.595]",36.634,0.1,35.5,128,0,105,0,35.9
15,scene-0010,1531884398548392,1531884398888162,d5c17c0de2d74d4786d6a7316a9e0d06,3da543ef9ffd4111a1d00b57332d2a6c,"[772.389, 1225.631, 0.0]","[755.746, 1198.738, 1.569]",31.665,-1.3,35.9,105,0,102,0,36.25
16,scene-0010,1531884399048222,1531884399387958,d5c17c0de2d74d4786d6a7316a9e0d06,de8e948c7fb74881bcfc10ab4cd3f6d1,"[769.175, 1221.673, 0.0]","[755.686, 1198.7, 1.543]",26.685,-0.3,36.25,102,0,92,0,36.39
17,scene-0010,1531884399548083,1531884399888212,3a022bd3447840b2950f89748690dd8f,948660a240ea4f3bac9ef5b58eeec16d,"[765.943, 1217.67, 0.0]","[749.641, 1191.137, 1.639]",31.184,-0.2,36.39,92,0,92,0,36.56
18,scene-0010,1531884400047986,1531884400387291,3a022bd3447840b2950f89748690dd8f,4d9e6cd7c2a74fe2bb86508822a90271,"[762.711, 1213.7, 0.0]","[749.602, 1191.09, 1.633]",26.186,-0.2,36.56,92,0,92,0,36.68
19,scene-0010,1531884400547843,1531884400887343,70c10b504ce240a593762ea69512d5a3,ba0b0f9a241e47ab907f808064e9da50,"[759.469, 1209.695, 0.0]","[729.604, 1165.281, 1.7]",53.548,-0.2,36.68,92,0,92,0,36.81
20,scene-0010,1531884401047729,1531884401388183,70c10b504ce240a593762ea69512d5a3,c62fef2127fe4242ae15473dae01925b,"[756.18, 1205.61, 0.0]","[729.604, 1165.281, 1.684]",48.328,-1.0,36.81,92,0,76,0,36.95
21,scene-0010,1531884401547602,1531884401887447,70c10b504ce240a593762ea69512d5a3,bd881b8b85ad48279a569895998bbc88,"[752.922, 1201.544, 0.0]","[729.604, 1165.281, 1.667]",43.145,0.4,36.95,76,0,76,0,37.01
22,scene-0010,1531884402048028,1531884402388326,70c10b504ce240a593762ea69512d5a3,6905ad4c494044329ffd24c210ffd79f,"[749.671, 1197.508, 0.0]","[729.604, 1165.281, 1.65]",37.999,0.8,37.01,76,0,60,0,37.02
23,scene-0010,1531884402547903,1531884402887934,70c10b504ce240a593762ea69512d5a3,5d8d762834df430da4c92524d5b0b59e,"[746.411, 1193.439, 0.0]","[729.604, 1165.281, 1.608]",32.832,-1.9,37.02,60,0,16,0,36.73
24,scene-0010,1531884403048880,1531884403388159,vehicle_info,aec93c9e494249018012c9f161498f0a,"[743.12, 1189.331, 0.0]","[743.12, 1189.331, 0.0]",99.0,-1.4,36.73,16,0,16,0,36.0
25,scene-0010,1531884403549308,1531884403887816,vehicle_info,8e3bba72c8a54307a9b2994fcf140d71,"[739.893, 1185.278, 0.0]","[739.893, 1185.278, 0.0]",99.0,-1.4,36.0,16,0,22,0,35.26
26,scene-0010,1531884404049746,1531884404387675,vehicle_info,6470f7137b9a44c396c41a09ca5ea56b,"[736.689, 1181.287, 0.0]","[736.689, 1181.287, 0.0]",99.0,-1.4,35.26,22,0,22,0,34.41
27,scene-0010,1531884404549059,1531884404888006,vehicle_info,f420e4f04e314c7ebfbf7cb798afbacc,"[733.568, 1177.391, 0.0]","[733.568, 1177.391, 0.0]",99.0,-0.9,34.41,22,0,22,0,33.7
28,scene-0010,1531884404948875,1531884405387867,vehicle_info,6fa363a1c7fc4aa2aefb9ebc5cd1d343,"[731.145, 1174.337, 0.0]","[731.145, 1174.337, 0.0]",99.0,5.7,33.7,22,0,42,0,32.93
29,scene-0010,1531884405448164,1531884405888001,vehicle_info,175e722f343f40398151b03853044719,"[728.197, 1170.618, 0.0]","[728.197, 1170.618, 0.0]",99.0,9.7,32.93,42,0,52,0,32.62
30,scene-0010,1531884405948603,1531884406388065,vehicle_info,c8163885fad8494d83e35d8dea5a7cf0,"[725.304, 1166.913, 0.0]","[725.304, 1166.913, 0.0]",99.0,14.6,32.62,52,0,55,0,32.42
31,scene-0010,1531884406448514,1531884406888141,vehicle_info,a72ae02b18c9460b9e7c0d71ddc499a0,"[722.55, 1163.225, 0.0]","[722.55, 1163.225, 0.0]",99.0,14.4,32.42,55,0,81,0,32.24
32,scene-0010,1531884406947826,1531884407387963,vehicle_info,05334c5d74b349798d1fc8bd51d64501,"[719.927, 1159.491, 0.0]","[719.927, 1159.491, 0.0]",99.0,9.6,32.24,81,0,94,0,32.32
33,scene-0010,1531884407447670,1531884407887753,vehicle_info,6b0bc69ad63e4480ae6dc8616d0933a9,"[717.422, 1155.718, 0.0]","[717.422, 1155.718, 0.0]",99.0,0.7,32.32,94,0,101,0,32.59
34,scene-0010,1531884407947001,1531884408387657,vehicle_info,9f6791b5542f4cd0a7ac742a0c7147ec,"[715.008, 1151.916, 0.0]","[715.008, 1151.916, 0.0]",99.0,-12.5,32.59,101,0,130,0,32.9
35,scene-0010,1531884408447424,1531884408887388,vehicle_info,94cf5e91efcf473bbfb1ce1ed01e67f3,"[712.552, 1148.021, 0.0]","[712.552, 1148.021, 0.0]",99.0,-18.0,32.9,130,0,151,0,33.3
36,scene-0010,1531884408947316,1531884409387847,vehicle_info,3a6ac4f5b1dc4e339d515bc41f42ffef,"[710.022, 1144.162, 0.0]","[710.022, 1144.162, 0.0]",99.0,-16.6,33.3,151,0,175,0,33.98
0,scene-0041,1532401490648576,1532401491135008,f7f6a39110ae4483841afaa627e37a50,c239ad61ac11493eac4a8522c14223d0,"[1050.754, 583.767, 0.0]","[1000.304, 624.712, 2.107]",65.009,3.8,26.67,0,0,0,0,24.7
1,scene-0041,1532401491147880,1532401491633722,f7f6a39110ae4483841afaa627e37a50,403bc2d7de6148e7ba8220600c4fce0f,"[1047.657, 586.089, 0.0]","[1000.382, 624.614, 2.097]",61.021,8.5,24.7,0,0,0,0,22.88
2,scene-0041,1532401491647812,1532401492133757,f7f6a39110ae4483841afaa627e37a50,6603d1ed9efe4853ae9e74f6b8520e50,"[1044.779, 588.228, 0.0]","[1000.459, 624.517, 2.087]",57.319,31.3,22.88,0,0,0,0,21.39
3,scene-0041,1532401492197400,1532401492633801,vehicle_info,3ce024d9c73e406a910d688504e765e1,"[1041.838, 590.355, 0.0]","[1041.838, 590.355, 0.0]",99.0,72.4,21.39,0,0,26,0,20.26
4,scene-0041,1532401492696739,1532401493133483,vehicle_info,339df3b19d8d4127b2a96b6480f672a8,"[1039.333, 592.002, 0.0]","[1039.333, 592.002, 0.0]",99.0,96.8,20.26,26,0,58,0,19.57
5,scene-0041,1532401493196053,1532401493633048,vehicle_info,a8b145c416944ea29d18a4fe18ad0a77,"[1036.885, 593.323, 0.0]","[1036.885, 593.323, 0.0]",99.0,118.6,19.57,58,0,83,0,19.48
6,scene-0041,1532401493695929,1532401494133361,vehicle_info,91a1b5b5ac1b4862b6b5a7e556ca0227,"[1034.307, 594.336, 0.0]","[1034.307, 594.336, 0.0]",99.0,146.7,19.48,83,0,146,0,19.77
7,scene-0041,1532401494196370,1532401494632766,vehicle_info,a87df67c031042d1bbd4e7f75f246064,"[1031.723, 594.952, 0.0]","[1031.723, 594.952, 0.0]",99.0,157.0,19.77,146,0,218,0,20.64
8,scene-0041,1532401494697384,1532401495133154,vehicle_info,3bae34beb13648d6822fd39c94da2749,"[1029.007, 595.134, 0.0]","[1029.007, 595.134, 0.0]",99.0,156.1,20.64,218,0,232,0,22.11
9,scene-0041,1532401495197802,1532401495632892,c6178ffac0004219ac366c067c8e166c,b1cc5d7e550a42f8b0e0fc6bc5fc48dc,"[1026.226, 594.79, 0.0]","[984.295, 569.755, 1.069]",48.848,147.1,22.11,232,0,232,0,23.65
10,scene-0041,1532401495697651,1532401496132995,vehicle_info,671dea66d87b4cbfa7fd2e2221ce71e9,"[1023.419, 593.841, 0.0]","[1023.419, 593.841, 0.0]",99.0,119.8,23.65,232,0,257,0,25.3
11,scene-0041,1532401496148875,1532401496633430,77dd57eaaeec48368cc3b93d81e50afc,565e689869c0487aac9ccb0d86d6fb5f,"[1020.883, 592.423, 0.0]","[967.811, 527.227, 1.584]",84.082,66.9,25.3,257,0,296,0,27.07
12,scene-0041,1532401496649327,1532401497132785,77dd57eaaeec48368cc3b93d81e50afc,49e190a2f1df48b598020799d16618fd,"[1018.17, 590.345, 0.0]","[967.894, 527.312, 1.418]",80.64,36.8,27.07,296,0,299,0,29.18
13,scene-0041,1532401497149755,1532401497633203,77dd57eaaeec48368cc3b93d81e50afc,019a6b5d6c5545c0a8ba821d7c40944d,"[1015.529, 587.817, 0.0]","[967.977, 527.397, 1.252]",76.898,11.7,29.18,299,0,215,0,31.11
14,scene-0041,1532401497649601,1532401498132702,77dd57eaaeec48368cc3b93d81e50afc,bf69644e63a54a8dbf0130a068fb1de7,"[1012.817, 584.926, 0.0]","[968.061, 527.483, 1.086]",72.828,-1.5,31.11,215,0,166,0,32.41
15,scene-0041,1532401498199237,1532401498632810,77dd57eaaeec48368cc3b93d81e50afc,cc6634a7b7b44167a0ce9770ac5a945e,"[1009.657, 581.434, 0.0]","[967.994, 527.505, 1.052]",68.156,-13.0,32.41,166,0,94,0,33.04
16,scene-0041,1532401498698550,1532401499133007,77dd57eaaeec48368cc3b93d81e50afc,cb4b269405294227a768ddd5185d8b3a,"[1006.599, 578.1, 0.0]","[967.927, 527.527, 1.019]",63.672,-10.4,33.04,94,0,0,0,33.18
17,scene-0041,1532401499197883,1532401499632520,77dd57eaaeec48368cc3b93d81e50afc,9ce0d1f0c69841e89f4bf1db933038e5,"[1003.304, 574.631, 0.0]","[967.86, 527.549, 0.986]",58.941,-8.3,33.18,0,0,0,0,32.83
18,scene-0041,1532401499697196,1532401500133198,77dd57eaaeec48368cc3b93d81e50afc,f85b67cdf3bf45cc8ddf92c48f17ab3d,"[1000.024, 571.307, 0.0]","[967.875, 527.555, 0.981]",54.302,-7.5,32.83,0,0,0,0,32.06
19,scene-0041,1532401500197083,1532401500633192,5914d9b538ea44b9af49ab70cef66eee,9c39971a67504216a97f6e2ea64b50c6,"[996.725, 568.038, 0.0]","[961.365, 528.854, 0.898]",52.787,-1.1,32.06,0,0,0,0,30.9
20,scene-0041,1532401500647201,1532401501133326,5914d9b538ea44b9af49ab70cef66eee,ee1837c6830844208ae061bc07e342be,"[993.739, 565.149, 0.0]","[961.375, 528.813, 0.886]",48.667,0.2,30.9,0,0,0,0,29.73
21,scene-0041,1532401501047523,1532401501632971,5914d9b538ea44b9af49ab70cef66eee,9e59f1d2515e4a5bba891071c664a560,"[991.204, 562.718, 0.0]","[961.385, 528.773, 0.874]",45.191,8.1,29.73,0,0,0,0,28.05
22,scene-0041,1532401501547413,1532401502132629,5914d9b538ea44b9af49ab70cef66eee,857eb3ee83004292bb7278e352ca5580,"[988.061, 559.73, 0.0]","[961.373, 528.752, 0.862]",40.898,10.7,28.05,0,0,0,0,26.16
23,scene-0041,1532401502047832,1532401502632508,5914d9b538ea44b9af49ab70cef66eee,35bf28b716ef46b4bbd321834c0074c9,"[985.128, 556.877, 0.0]","[961.361, 528.73, 0.85]",36.849,13.7,26.16,0,0,0,0,24.08
24,scene-0041,1532401502547169,1532401503133177,5914d9b538ea44b9af49ab70cef66eee,5bb5ba200afa41ae8abea36f6cb7f08c,"[982.397, 554.143, 0.0]","[961.349, 528.709, 0.838]",33.024,14.2,24.08,0,0,0,0,21.79
25,scene-0041,1532401503047048,1532401503633435,5914d9b538ea44b9af49ab70cef66eee,c117fc44c41a4589ab3ddb2b611870f3,"[979.956, 551.599, 0.0]","[961.366, 528.737, 0.84]",29.479,9.2,21.79,0,0,0,0,19.59
26,scene-0041,1532401503547474,1532401504133346,5914d9b538ea44b9af49ab70cef66eee,b7013092782349c3a72ba086259f8ac3,"[977.724, 549.19, 0.0]","[961.382, 528.766, 0.843]",26.171,7.0,19.59,0,0,0,0,17.45
27,scene-0041,1532401504047924,1532401504632947,5914d9b538ea44b9af49ab70cef66eee,2bfdde0b69ab4187a9d1a127d59bf9ad,"[975.755, 546.991, 0.0]","[961.399, 528.794, 0.846]",23.193,8.4,17.45,0,0,0,0,15.1
28,scene-0041,1532401504548339,1532401505133431,5914d9b538ea44b9af49ab70cef66eee,bd8e0032af5b4220ac6293f30818493c,"[974.02, 545.027, 0.0]","[961.416, 528.823, 0.848]",20.547,8.7,15.1,0,0,0,0,12.92
29,scene-0041,1532401505048207,1532401505633868,5914d9b538ea44b9af49ab70cef66eee,e36b842e400441469e77415f387cfa2e,"[972.539, 543.311, 0.0]","[961.433, 528.851, 0.851]",18.252,8.7,12.92,0,0,0,0,10.88
30,scene-0041,1532401505548069,1532401506132880,5914d9b538ea44b9af49ab70cef66eee,a3b00fd5cb2e437288cf9d5a5bc42f29,"[971.252, 541.821, 0.0]","[961.406, 528.854, 0.855]",16.304,8.8,10.88,0,0,0,4,9.04
31,scene-0041,1532401506047956,1532401506633106,5914d9b538ea44b9af49ab70cef66eee,75beeb0796404829a640b3a34ddf79a0,"[970.15, 540.524, 0.0]","[961.379, 528.856, 0.858]",14.622,10.0,9.04,0,4,0,6,7.17
32,scene-0041,1532401506548376,1532401507133736,5914d9b538ea44b9af49ab70cef66eee,844b96e12b024a3785b387e1cacee0ed,"[969.268, 539.467, 0.0]","[961.352, 528.859, 0.862]",13.264,1.9,7.17,0,6,0,7,5.54
33,scene-0041,1532401507048824,1532401507634106,5914d9b538ea44b9af49ab70cef66eee,00f4f521f51b4cba8263eb030580fe17,"[968.546, 538.6, 0.0]","[961.325, 528.862, 0.866]",12.154,3.9,5.54,0,7,0,6,4.08
34,scene-0041,1532401507448620,1532401508132418,5914d9b538ea44b9af49ab70cef66eee,341b6c6c0fa8496eb36cecd9128598ae,"[968.083, 538.032, 0.0]","[961.299, 528.864, 0.87]",11.438,3.9,4.08,0,6,0,6,2.75
35,scene-0041,1532401507949062,1532401508633871,5914d9b538ea44b9af49ab70cef66eee,31bb98c8529640e493320ba1ecd64a34,"[967.625, 537.462, 0.0]","[961.29, 528.826, 0.866]",10.745,2.6,2.75,0,6,0,6,1.53
36,scene-0041,1532401508448897,1532401509133321,5914d9b538ea44b9af49ab70cef66eee,2796a8c225d741f0882edf42350fe094,"[967.304, 537.066, 0.0]","[961.281, 528.787, 0.862]",10.275,2.6,1.53,0,6,0,6,0.0
37,scene-0041,1532401508948235,1532401509634533,5914d9b538ea44b9af49ab70cef66eee,58b41dd5ded041cba8033e736873532b,"[967.09, 536.8, 0.0]","[961.272, 528.749, 0.859]",9.971,2.7,0.0,0,6,0,6,0.0
0,scene-0009,1531884297950477,1531884298388175,vehicle_info,29a1e9bcb75740479cd5acdfa88b2cfd,"[773.212, 1671.162, 0.0]","[773.212, 1671.162, 0.0]",99.0,-1.8,29.62,172,0,149,0,31.23
1,scene-0009,1531884298400616,1531884298888781,vehicle_info,0976bf335f734fa3ba456f77342837b0,"[773.348, 1667.448, 0.0]","[773.348, 1667.448, 0.0]",99.0,-0.6,31.23,149,0,133,0,32.53
2,scene-0009,1531884298899938,1531884299388335,vehicle_info,b1b94622b5db4a66b2eb01b3608122e1,"[773.485, 1663.076, 0.0]","[773.485, 1663.076, 0.0]",99.0,-0.2,32.53,133,0,87,0,33.66
3,scene-0009,1531884299399251,1531884299889105,vehicle_info,337a86934b9a46a99cd1ceb489939c02,"[773.621, 1658.571, 0.0]","[773.621, 1658.571, 0.0]",99.0,-0.4,33.66,87,0,65,0,34.5
4,scene-0009,1531884299798491,1531884300388699,vehicle_info,1076169d8ae84fbca5f00a397aea73e8,"[773.745, 1654.831, 0.0]","[773.745, 1654.831, 0.0]",99.0,-0.2,34.5,65,0,58,0,35.08
5,scene-0009,1531884300297792,1531884300888251,vehicle_info,69d132937efa411399801c94e2d149ee,"[773.91, 1650.035, 0.0]","[773.91, 1650.035, 0.0]",99.0,0.2,35.08,58,0,58,0,35.46
6,scene-0009,1531884300797681,1531884301388337,vehicle_info,75b5ebc0c19c4755899974e96055f705,"[774.107, 1645.151, 0.0]","[774.107, 1645.151, 0.0]",99.0,-0.7,35.46,58,0,55,0,35.92
7,scene-0009,1531884301297561,1531884301887953,vehicle_info,a7bb7929ec0240268e34ca312e4d8881,"[774.324, 1640.182, 0.0]","[774.324, 1640.182, 0.0]",99.0,0.2,35.92,55,0,6,0,36.31
8,scene-0009,1531884301797998,1531884302388285,vehicle_info,dbf2877ef5314d679ca75cd99079bb61,"[774.543, 1635.129, 0.0]","[774.543, 1635.129, 0.0]",99.0,-0.1,36.31,6,0,0,0,36.35
9,scene-0009,1531884302298445,1531884302887708,vehicle_info,1a2beb30f34247c79283f07128ebdab7,"[774.775, 1630.108, 0.0]","[774.775, 1630.108, 0.0]",99.0,-1.0,36.35,0,0,0,0,36.06
10,scene-0009,1531884302797725,1531884303388135,vehicle_info,706d7015b80d4329b80d4a8c52139ab4,"[774.998, 1624.961, 0.0]","[774.998, 1624.961, 0.0]",99.0,-0.9,36.06,0,0,0,0,35.72
11,scene-0009,1531884303297613,1531884303888110,vehicle_info,696f7f3c2ef2441396b803971ed5c07c,"[775.183, 1619.798, 0.0]","[775.183, 1619.798, 0.0]",99.0,-1.9,35.72,0,0,0,0,35.22
12,scene-0009,1531884303798029,1531884304388119,vehicle_info,bb0cfd86c75841aabdec3ac10ceff907,"[775.395, 1614.668, 0.0]","[775.395, 1614.668, 0.0]",99.0,-1.3,35.22,0,0,0,0,34.8
13,scene-0009,1531884304298467,1531884304887896,vehicle_info,5b5ebee8cf0f49ddba2e59a8227ead1a,"[775.583, 1609.696, 0.0]","[775.583, 1609.696, 0.0]",99.0,-0.5,34.8,0,0,0,0,34.32
14,scene-0009,1531884304798900,1531884304887896,d812b0f01ac748a5bda173a6af26d8b4,c21254aba4bf45f388ffe02e4613976f,"[775.733, 1604.758, 0.0]","[774.918, 1508.194, 1.621]",96.581,-0.5,34.8,0,0,0,0,34.32
15,scene-0009,1531884305299326,1531884305387733,d812b0f01ac748a5bda173a6af26d8b4,a73d8a64c0a04cc88fbfe178169a8d4f,"[775.907, 1599.851, 0.0]","[774.918, 1508.194, 1.621]",91.677,-0.5,34.32,0,0,0,0,33.87
16,scene-0009,1531884305799208,1531884305888090,a23c6448f5d045e69965be7d25ebbf02,01db1d7f48ae4804b9c8b79298b78300,"[776.068, 1595.075, 0.0]","[774.428, 1524.861, 0.764]",70.237,-0.5,33.87,0,0,27,0,33.37
17,scene-0009,1531884306299636,1531884306387837,a23c6448f5d045e69965be7d25ebbf02,2c881d567c68494d85fee925744ddc6a,"[776.256, 1590.343, 0.0]","[774.428, 1524.861, 0.764]",65.512,-0.2,33.37,27,0,30,0,33.29
18,scene-0009,1531884306799513,1531884306888343,a23c6448f5d045e69965be7d25ebbf02,e8df0947129e44c396323c095e714cc1,"[776.423, 1585.656, 0.0]","[774.428, 1524.861, 0.764]",60.832,-1.1,33.29,30,0,34,0,33.25
19,scene-0009,1531884307299384,1531884307388445,a23c6448f5d045e69965be7d25ebbf02,2b0f232f94c24ebc8572087e10e6f29a,"[776.604, 1580.963, 0.0]","[774.428, 1524.861, 0.764]",56.15,-1.1,33.25,34,0,37,0,33.33
20,scene-0009,1531884307799251,1531884307889306,a23c6448f5d045e69965be7d25ebbf02,8320d357ee3e4ab7ac0adbaf23051358,"[776.784, 1576.234, 0.0]","[774.428, 1524.861, 0.764]",51.433,-1.2,33.33,37,0,37,0,33.5
21,scene-0009,1531884308298576,1531884308388132,d812b0f01ac748a5bda173a6af26d8b4,f6b9b51a4ee94b71a9f0b6d2e1f3f0c4,"[776.966, 1571.544, 0.0]","[774.918, 1508.194, 1.621]",63.404,-0.6,33.5,37,0,63,0,33.65
22,scene-0009,1531884308797916,1531884308888151,d812b0f01ac748a5bda173a6af26d8b4,8c3610e6f5ff4d6f9a7535d27443a41b,"[777.153, 1566.772, 0.0]","[774.918, 1508.194, 1.621]",58.643,-0.6,33.65,63,0,70,0,34.11
23,scene-0009,1531884309297778,1531884309388679,d812b0f01ac748a5bda173a6af26d8b4,2cfc2c77382f489db07c6452c97b68d0,"[777.326, 1561.99, 0.0]","[774.918, 1508.194, 1.621]",53.874,-0.6,34.11,70,0,70,0,34.52
24,scene-0009,1531884309798234,1531884310388210,vehicle_info,a3c6db2751a54c8590c4d8241e01ac8c,"[777.496, 1557.15, 0.0]","[777.496, 1557.15, 0.0]",99.0,-0.7,35.04,70,0,66,0,35.48
25,scene-0009,1531884310298074,1531884310887749,vehicle_info,0c10b2165f86467dae3b2d30516726e3,"[777.682, 1552.21, 0.0]","[777.682, 1552.21, 0.0]",99.0,-0.7,35.48,66,0,57,0,35.94
26,scene-0009,1531884310797954,1531884310887749,a15788a623b04ffbad96b7c1ea02fbc3,bd0d96e8d80d4ab4b2e7357f456ce3d9,"[777.883, 1547.218, 0.0]","[784.156, 1502.508, 0.833]",45.155,-0.7,35.48,66,0,57,0,35.94
27,scene-0009,1531884311298380,1531884311388582,a15788a623b04ffbad96b7c1ea02fbc3,6dda55d7c2cb456fab6b38c1b8e9097a,"[778.082, 1542.208, 0.0]","[784.156, 1502.508, 0.833]",40.171,-0.8,35.94,57,0,0,0,36.18
28,scene-0009,1531884311798264,1531884312387918,vehicle_info,7d25b827b18c40358656d2b30f3dd64e,"[778.298, 1537.063, 0.0]","[778.298, 1537.063, 0.0]",99.0,-1.1,35.92,0,0,0,0,35.56
29,scene-0009,1531884312198047,1531884312888341,vehicle_info,7381046329d9409c9d9bdd2cfaee9c5d,"[778.474, 1532.946, 0.0]","[778.474, 1532.946, 0.0]",99.0,-1.7,35.56,0,0,0,0,35.03
30,scene-0009,1531884312697926,1531884313387635,vehicle_info,dbca86d691bf4806a5e56a263e269b54,"[778.684, 1527.857, 0.0]","[778.684, 1527.857, 0.0]",99.0,-1.3,35.03,0,0,0,0,34.41
31,scene-0009,1531884313198357,1531884313888030,vehicle_info,65d0f0aee78e4c129d43be974ad923d3,"[778.873, 1522.784, 0.0]","[778.873, 1522.784, 0.0]",99.0,-1.2,34.41,0,0,0,0,33.99
32,scene-0009,1531884313698251,1531884314387975,vehicle_info,6a4e441c5edc4729ab3008ba10eb611b,"[779.072, 1517.822, 0.0]","[779.072, 1517.822, 0.0]",99.0,-1.4,33.99,0,0,0,0,33.37
33,scene-0009,1531884314199217,1531884314888027,vehicle_info,f6755e337492456ea351e9deef4ad09e,"[779.244, 1512.955, 0.0]","[779.244, 1512.955, 0.0]",99.0,-1.3,33.37,0,0,0,0,32.9
34,scene-0009,1531884314699102,1531884315388179,vehicle_info,6611ad2d1fe44459b9a1bad7d64fd55b,"[779.417, 1508.161, 0.0]","[779.417, 1508.161, 0.0]",99.0,-0.8,32.9,0,0,0,0,32.36
35,scene-0009,1531884315198966,1531884315888535,vehicle_info,d268a43cf24e4505b745f17586482b6f,"[779.591, 1503.414, 0.0]","[779.591, 1503.414, 0.0]",99.0,-1.8,32.36,0,0,0,0,31.04
36,scene-0009,1531884315649085,1531884316388331,vehicle_info,f6852782270444be9c4d792100c064d0,"[779.726, 1499.268, 0.0]","[779.726, 1499.268, 0.0]",99.0,-1.8,31.04,0,0,0,0,29.44
0,scene-0100,1533151471547121,1533151471906117,1e6a311b108b40668f3b0bc91a0b03a1,24eb747f88f64f3db081a4cc7bc361f8,"[593.428, 1511.444, 0.0]","[584.56, 1517.379, 0.624]",10.688,-11.5,0.0,0,9,0,11,0.0
1,scene-0100,1533151472046984,1533151472403276,1e6a311b108b40668f3b0bc91a0b03a1,d119ca3bdcc84a7b9e3f857384348209,"[593.428, 1511.444, 0.0]","[584.56, 1517.379, 0.624]",10.688,-11.4,0.0,0,11,0,11,0.0
2,scene-0100,1533151472546293,1533151472903301,1e6a311b108b40668f3b0bc91a0b03a1,f58ea1c2cf6443f89041edfbc103a2f0,"[593.428, 1511.444, 0.0]","[584.56, 1517.379, 0.624]",10.688,-11.5,0.0,0,11,0,11,0.0
3,scene-0100,1533151473046176,1533151473403269,1e6a311b108b40668f3b0bc91a0b03a1,fdc0289630554c068433aafca32fe5b5,"[593.428, 1511.444, 0.0]","[584.56, 1517.379, 0.624]",10.688,-9.8,0.0,0,11,0,11,0.0
4,scene-0100,1533151473546619,1533151473903268,1e6a311b108b40668f3b0bc91a0b03a1,1800502383f347c8bd559fda6e78806e,"[593.428, 1511.444, 0.0]","[584.56, 1517.379, 0.624]",10.688,-9.8,0.0,0,11,0,11,0.0
5,scene-0100,1533151474046479,1533151474403233,1e6a311b108b40668f3b0bc91a0b03a1,440ffd65dff440f79e42b91fc657c53a,"[593.428, 1511.444, 0.0]","[584.56, 1517.379, 0.624]",10.688,-9.8,0.0,0,11,0,11,0.0
6,scene-0100,1533151474548577,1533151474903371,1e6a311b108b40668f3b0bc91a0b03a1,dbb49cd52a6b49bdbe03b93fb69a12e5,"[593.428, 1511.444, 0.0]","[584.56, 1517.379, 0.624]",10.688,-9.8,0.0,0,11,0,11,0.0
7,scene-0100,1533151475046796,1533151475403540,1e6a311b108b40668f3b0bc91a0b03a1,06ddbae11ab64301a177bd2f9c134d53,"[593.428, 1511.444, 0.0]","[584.56, 1517.379, 0.624]",10.688,-9.3,0.0,0,11,0,11,0.0
8,scene-0100,1533151475547215,1533151475903348,1e6a311b108b40668f3b0bc91a0b03a1,d9e1474384a649b9a31074fd68528a93,"[593.428, 1511.445, 0.0]","[584.56, 1517.379, 0.624]",10.688,-9.5,0.0,0,11,0,11,0.0
9,scene-0100,1533151476047091,1533151476403228,1e6a311b108b40668f3b0bc91a0b03a1,c7b40e0af67c40388380d152d7d4a3bf,"[593.428, 1511.445, 0.0]","[584.56, 1517.379, 0.624]",10.688,-9.5,0.0,0,11,0,11,0.0
10,scene-0100,1533151476647050,1533151476903238,1e6a311b108b40668f3b0bc91a0b03a1,6f618393ab9e45179e7e75fd500b5c55,"[593.428, 1511.445, 0.0]","[584.56, 1517.379, 0.624]",10.688,-9.6,0.0,0,11,0,11,0.0
11,scene-0100,1533151477147482,1533151477404671,1e6a311b108b40668f3b0bc91a0b03a1,aa298e46beef44f2936dcbed16de5831,"[593.428, 1511.445, 0.0]","[584.546, 1517.388, 0.624]",10.705,-9.6,0.0,0,11,0,11,0.0
12,scene-0100,1533151477647904,1533151477903209,1e6a311b108b40668f3b0bc91a0b03a1,a9ac41171092418093d1c0afc2fc0861,"[593.428, 1511.445, 0.0]","[584.532, 1517.397, 0.624]",10.722,-9.6,0.0,0,11,0,10,0.0
13,scene-0100,1533151478147229,1533151478403167,1e6a311b108b40668f3b0bc91a0b03a1,58ffdb22fc3d4bbd88b113e48c4e9e2c,"[593.428, 1511.445, 0.0]","[584.518, 1517.406, 0.624]",10.738,-9.6,0.0,0,10,0,10,0.0
14,scene-0100,1533151478647106,1533151478903171,1e6a311b108b40668f3b0bc91a0b03a1,c1b8676d2cac4d5f8d18c6578b268a0c,"[593.428, 1511.445, 0.0]","[584.504, 1517.415, 0.624]",10.755,-9.6,0.0,0,10,0,10,0.0
15,scene-0100,1533151479147529,1533151479403694,1e6a311b108b40668f3b0bc91a0b03a1,65ff632f9122491598d3dd2038996bef,"[593.428, 1511.445, 0.0]","[584.523, 1517.403, 0.624]",10.732,-9.6,0.0,0,10,0,10,0.0
16,scene-0100,1533151479647416,1533151479902727,1e6a311b108b40668f3b0bc91a0b03a1,99be6f57ade249b4bbb551e892b58c0d,"[593.428, 1511.445, 0.0]","[584.541, 1517.391, 0.624]",10.711,-9.6,0.0,0,10,0,10,0.0
17,scene-0100,1533151480147979,1533151480402936,1e6a311b108b40668f3b0bc91a0b03a1,9e24327db8be4ca6bd1619c11a56d04e,"[593.428, 1511.445, 0.0]","[584.56, 1517.379, 0.624]",10.688,-9.6,0.0,0,10,0,10,0.0
18,scene-0100,1533151480698035,1533151480903404,1e6a311b108b40668f3b0bc91a0b03a1,67cebc4fdb554fc1af293d1aa1c2d882,"[593.428, 1511.445, 0.0]","[584.56, 1517.379, 0.624]",10.688,-9.6,0.0,0,10,0,10,0.0
19,scene-0100,1533151481197939,1533151481402976,1e6a311b108b40668f3b0bc91a0b03a1,fda53151605444e48ecf50c4b5bfd922,"[593.428, 1511.445, 0.0]","[584.56, 1517.379, 0.624]",10.688,-9.6,0.0,0,10,0,10,0.0
20,scene-0100,1533151481647470,1533151481902682,1e6a311b108b40668f3b0bc91a0b03a1,3a0bd0fdf871498fa7e3891bd801ad7d,"[593.428, 1511.445, 0.0]","[584.56, 1517.379, 0.624]",10.688,-9.6,0.0,0,10,0,19,0.0
21,scene-0100,1533151482147357,1533151482403162,1e6a311b108b40668f3b0bc91a0b03a1,91b40dd8a4a44783a6029181669f864a,"[593.428, 1511.445, 0.0]","[584.56, 1517.379, 0.624]",10.688,-9.6,0.0,0,19,0,18,0.0
22,scene-0100,1533151482696991,1533151482902972,1e6a311b108b40668f3b0bc91a0b03a1,3e5bfdc8ae3a4adba0bf07e68baf1cd4,"[593.428, 1511.445, 0.0]","[584.56, 1517.379, 0.624]",10.688,-9.6,0.0,0,18,0,18,0.0
23,scene-0100,1533151483197998,1533151483403015,1e6a311b108b40668f3b0bc91a0b03a1,6f5d0ef0fed444d09e4a18d3898c231e,"[593.428, 1511.445, 0.0]","[584.56, 1517.379, 0.624]",10.688,-9.6,0.0,0,18,0,18,0.0
24,scene-0100,1533151483697299,1533151483903048,1e6a311b108b40668f3b0bc91a0b03a1,af670ebfc7114fb79cce0c343a285f01,"[593.428, 1511.445, 0.0]","[584.56, 1517.379, 0.624]",10.688,-9.6,0.0,0,18,0,18,0.0
25,scene-0100,1533151484197162,1533151484402987,1e6a311b108b40668f3b0bc91a0b03a1,2d68522dcc634c9fbc880992a45670f2,"[593.428, 1511.445, 0.0]","[584.56, 1517.379, 0.624]",10.688,-9.6,0.0,0,18,0,18,0.0
26,scene-0100,1533151484697042,1533151484903250,1e6a311b108b40668f3b0bc91a0b03a1,4416a20478a447d9baf15d8d508a5737,"[593.428, 1511.445, 0.0]","[584.528, 1517.384, 0.624]",10.718,-9.6,0.0,0,18,0,18,0.0
27,scene-0100,1533151485197473,1533151485403119,1e6a311b108b40668f3b0bc91a0b03a1,0e755623161a4644a8a5b942fa8ebfb9,"[593.428, 1511.445, 0.0]","[584.539, 1517.383, 0.624]",10.708,-9.6,0.0,0,18,0,18,0.0
28,scene-0100,1533151485697341,1533151485902516,1e6a311b108b40668f3b0bc91a0b03a1,0fd3e8de7c814da98ca7e41fd718f916,"[593.428, 1511.445, 0.0]","[584.549, 1517.381, 0.624]",10.699,-9.6,0.0,0,18,0,18,0.0
29,scene-0100,1533151486146897,1533151486403273,1e6a311b108b40668f3b0bc91a0b03a1,ab01dd2f2644429baeb3a8c82a07ad31,"[593.428, 1511.445, 0.0]","[584.56, 1517.379, 0.624]",10.688,-9.6,0.0,0,18,0,18,0.0
30,scene-0100,1533151486647321,1533151486902392,1e6a311b108b40668f3b0bc91a0b03a1,64b9a5f867094da3aceff88374aa6990,"[593.428, 1511.445, 0.0]","[584.56, 1517.379, 0.624]",10.688,-9.6,0.0,0,18,0,18,0.0
31,scene-0100,1533151487147205,1533151487402871,1e6a311b108b40668f3b0bc91a0b03a1,e7b912487c7c476c9b4792aafed342e1,"[593.428, 1511.445, 0.0]","[584.56, 1517.379, 0.624]",10.688,-9.6,0.0,0,18,0,18,0.0
32,scene-0100,1533151487546987,1533151487903016,1e6a311b108b40668f3b0bc91a0b03a1,511f482a1cff4f2b97b6729ecdd8d3e1,"[593.428, 1511.445, 0.0]","[584.56, 1517.379, 0.624]",10.688,-9.6,0.0,0,18,0,18,0.0
33,scene-0100,1533151488046878,1533151488402856,1e6a311b108b40668f3b0bc91a0b03a1,71ad525f4cb04d71baa040a491806082,"[593.428, 1511.445, 0.0]","[584.56, 1517.379, 0.624]",10.688,-9.6,0.0,0,18,0,18,0.0
34,scene-0100,1533151488547299,1533151488902812,1e6a311b108b40668f3b0bc91a0b03a1,7fe8d2b8f0e549ad82d87ff0f69eb5da,"[593.428, 1511.445, 0.0]","[584.56, 1517.379, 0.624]",10.688,-9.5,0.0,0,18,0,18,0.0
35,scene-0100,1533151489047179,1533151489402818,1e6a311b108b40668f3b0bc91a0b03a1,389bc27b31d743daae4d717328504c47,"[593.428, 1511.445, 0.0]","[584.56, 1517.379, 0.624]",10.688,-9.6,0.0,0,18,0,18,0.0
36,scene-0100,1533151489447540,1533151489902946,1e6a311b108b40668f3b0bc91a0b03a1,9386649d999a45bda8646906421aafa1,"[593.428, 1511.445, 0.0]","[584.56, 1517.379, 0.624]",10.688,-9.6,0.0,0,18,0,18,0.0
37,scene-0100,1533151489947393,1533151490402814,1e6a311b108b40668f3b0bc91a0b03a1,70e2f3e8a11d40829ef46c3dba131ba1,"[593.428, 1511.445, 0.0]","[584.56, 1517.379, 0.624]",10.688,-9.6,0.0,0,18,0,18,0.0
0,scene-0101,1533151514547047,1533151514901779,5b282658f35248ffb284d1e5d68ada8d,5bf25e72a1304bd2a24c53bce26146ab,"[593.428, 1511.445, 0.0]","[584.655, 1517.262, 0.561]",10.541,-19.8,0.0,0,18,0,18,0.0
1,scene-0101,1533151515047378,1533151515402241,5b282658f35248ffb284d1e5d68ada8d,559d56412f184e47a5ed0f85e4ec1e94,"[593.428, 1511.445, 0.0]","[584.662, 1517.273, 0.561]",10.541,-19.8,0.0,0,18,0,18,0.0
2,scene-0101,1533151515547814,1533151515902052,5b282658f35248ffb284d1e5d68ada8d,34d18d29e82944fcb39b8dbe621f843a,"[593.428, 1511.445, 0.0]","[584.662, 1517.273, 0.561]",10.541,-19.8,0.0,0,18,0,18,0.0
3,scene-0101,1533151516047153,1533151516402047,5b282658f35248ffb284d1e5d68ada8d,d442c835b6234eca98a6903bfd05b38c,"[593.428, 1511.445, 0.0]","[584.662, 1517.273, 0.561]",10.541,-19.8,0.0,0,18,0,18,0.0
4,scene-0101,1533151516547575,1533151516902281,5b282658f35248ffb284d1e5d68ada8d,88dcbedbd51c4d599a0fedb1cbd6b735,"[593.428, 1511.445, 0.0]","[584.662, 1517.273, 0.561]",10.541,-19.8,0.0,0,18,0,18,0.0
5,scene-0101,1533151517047469,1533151517401879,5b282658f35248ffb284d1e5d68ada8d,36d27065203c4f82814868d37c441f84,"[593.428, 1511.445, 0.0]","[584.649, 1517.289, 0.563]",10.561,-19.9,0.0,0,18,0,0,0.0
6,scene-0101,1533151517547339,1533151517901953,5b282658f35248ffb284d1e5d68ada8d,1f8bcf2732384e33bfe5cd9cb43d3755,"[593.428, 1511.445, 0.0]","[584.68, 1517.276, 0.566]",10.528,-16.5,0.0,0,0,53,0,0.0
7,scene-0101,1533151518047227,1533151518402007,5b282658f35248ffb284d1e5d68ada8d,a34ce5281c624f749cd75a1d7bd177a2,"[593.428, 1511.445, 0.0]","[584.387, 1517.477, 0.569]",10.883,-16.2,0.0,53,0,107,0,1.55
8,scene-0101,1533151518547070,1533151518902150,5b282658f35248ffb284d1e5d68ada8d,46a9d7bd658b4df4b6e17088c95670b8,"[593.423, 1511.447, 0.0]","[583.849, 1517.843, 0.571]",11.528,-16.2,1.55,107,0,158,0,3.2
9,scene-0101,1533151519046948,1533151519402049,5b282658f35248ffb284d1e5d68ada8d,4bda24c728104f1d87b994951a3676bc,"[593.296, 1511.523, 0.0]","[582.869, 1518.512, 0.574]",12.566,-16.1,3.2,158,0,193,0,5.0
10,scene-0101,1533151519446755,1533151519901785,5b282658f35248ffb284d1e5d68ada8d,fbdd4075eb774a729abb16f599d18827,"[593.067, 1511.66, 0.0]","[581.767, 1519.269, 0.576]",13.635,-5.0,5.0,193,0,223,0,6.83
11,scene-0101,1533151519946606,1533151520401954,5b282658f35248ffb284d1e5d68ada8d,bcb28efe2d9a404e9b91af98813cdff3,"[592.553, 1511.971, 0.0]","[579.957, 1520.514, 0.558]",15.23,1.7,6.83,223,0,242,0,8.65
12,scene-0101,1533151520446480,1533151520901966,5b282658f35248ffb284d1e5d68ada8d,2aa1cf5ba1d44a1a9c8f772a907bb77e,"[591.832, 1512.411, 0.0]","[577.867, 1522.015, 0.541]",16.957,1.7,8.65,242,0,246,0,10.52
13,scene-0101,1533151520946912,1533151521401438,5b282658f35248ffb284d1e5d68ada8d,1463f513201e479aa5122b6b1b1e455f,"[590.82, 1513.031, 0.0]","[575.349, 1523.838, 0.523]",18.879,1.4,10.52,246,0,246,0,12.3
14,scene-0101,1533151521447359,1533151521902204,5b282658f35248ffb284d1e5d68ada8d,f70b8cb2aba3481083ac7403d4719f23,"[589.535, 1513.816, 0.0]","[572.518, 1525.931, 0.505]",20.895,1.2,12.3,246,0,246,0,13.93
15,scene-0101,1533151521946665,1533151522401814,5b282658f35248ffb284d1e5d68ada8d,0542ae6e08e14d2db539154651ec3b4c,"[588.127, 1514.687, 0.0]","[569.4, 1528.311, 0.372]",23.161,1.1,13.93,246,0,242,0,15.75
16,scene-0101,1533151522447088,1533151522901526,5b282658f35248ffb284d1e5d68ada8d,607e37682b2d45e889716a1268383677,"[586.485, 1515.694, 0.0]","[566.275, 1530.647, 0.331]",25.143,-1.3,15.75,242,0,246,0,17.08
17,scene-0101,1533151522946984,1533151523401878,5b282658f35248ffb284d1e5d68ada8d,70270597b3e7458983c4b3ea269ffa31,"[584.644, 1516.825, 0.0]","[562.966, 1533.183, 0.34]",27.159,-16.1,17.08,246,0,246,0,18.36
18,scene-0101,1533151523447428,1533151523901652,5b282658f35248ffb284d1e5d68ada8d,130b6526a37f4bbb80220f2625657780,"[582.66, 1518.035, 0.0]","[559.611, 1535.618, 0.349]",28.992,-23.7,18.36,246,0,255,0,19.63
19,scene-0101,1533151523947287,1533151524401856,5b282658f35248ffb284d1e5d68ada8d,dea7df3ca28c4d95918d06fc95334605,"[580.536, 1519.404, 0.0]","[556.147, 1538.305, 0.358]",30.858,-20.6,19.63,255,0,262,0,21.03
20,scene-0101,1533151524447730,1533151524901997,5b282658f35248ffb284d1e5d68ada8d,becc3a4941d247739ac88bea8b9ecf95,"[578.324, 1520.92, 0.0]","[552.321, 1541.197, 0.489]",32.978,-16.3,21.03,262,0,262,0,22.57
21,scene-0101,1533151524948156,1533151525401362,5b282658f35248ffb284d1e5d68ada8d,65962ab44aa5483584c4252fe3d289d2,"[575.911, 1522.64, 0.0]","[548.204, 1544.159, 0.575]",35.086,-12.7,22.57,262,0,262,0,23.98
22,scene-0101,1533151525398255,1533151525901596,5b282658f35248ffb284d1e5d68ada8d,75379cb9add24ae596b433da1282c5fb,"[573.647, 1524.319, 0.0]","[544.076, 1547.095, 0.783]",37.334,-7.6,23.98,262,0,262,0,25.65
23,scene-0101,1533151525897578,1533151526401731,5b282658f35248ffb284d1e5d68ada8d,d5c9eaf5bb344cb684d682170660d900,"[571.018, 1526.365, 0.0]","[539.527, 1550.416, 0.93]",39.636,-4.4,25.65,262,0,259,0,26.98
24,scene-0101,1533151526398002,1533151526901267,5b282658f35248ffb284d1e5d68ada8d,9e5f531770284510a3b4c9e64ca48a08,"[568.252, 1528.54, 0.0]","[534.445, 1554.12, 0.983]",42.405,1.4,26.98,259,0,259,0,28.35
25,scene-0101,1533151526897905,1533151527401747,5b282658f35248ffb284d1e5d68ada8d,f06ab7dbad944f61b850399daf6c437c,"[565.346, 1530.909, 0.0]","[529.152, 1557.745, 1.046]",45.07,7.3,28.35,259,0,252,0,29.31
26,scene-0101,1533151527397766,1533151527901970,5b282658f35248ffb284d1e5d68ada8d,bf2c0c63e8bb4e9ba6602f35d4fff553,"[562.299, 1533.396, 0.0]","[523.86, 1561.37, 1.11]",47.553,9.6,29.31,252,0,252,0,30.45
27,scene-0101,1533151527897656,1533151528401305,5b282658f35248ffb284d1e5d68ada8d,0ec2e653f595496cbe582f5cd7daaaf6,"[559.149, 1535.917, 0.0]","[517.86, 1565.356, 1.21]",50.724,3.4,30.45,252,0,249,0,30.5
28,scene-0101,1533151528397499,1533151528901675,vehicle_info,22ce804db92749a1aee3a08ffbecfbbd,"[555.797, 1538.487, 0.0]","[555.797, 1538.487, 0.0]",99.0,-9.9,30.5,249,0,252,0,31.49
29,scene-0101,1533151528947135,1533151529401145,vehicle_info,2cdbffa384a5478babff79039cac4e75,"[552.036, 1541.335, 0.0]","[552.036, 1541.335, 0.0]",99.0,-6.8,31.49,252,0,249,0,32.14
30,scene-0101,1533151529447564,1533151529901414,vehicle_info,e2c7c91b4ea2462090d866539ff6b9e5,"[548.615, 1544.021, 0.0]","[548.615, 1544.021, 0.0]",99.0,-5.1,32.14,249,0,226,0,32.9
31,scene-0101,1533151529947438,1533151530401877,vehicle_info,aee1e33b4ca74ae4a761fa072f92b577,"[545.078, 1546.852, 0.0]","[545.078, 1546.852, 0.0]",99.0,3.5,32.9,226,0,226,0,33.52
32,scene-0101,1533151530546864,1533151530901739,vehicle_info,717c45682e15432f9862e47775b9b80f,"[540.82, 1550.343, 0.0]","[540.82, 1550.343, 0.0]",99.0,14.3,33.52,226,0,226,0,34.13
33,scene-0101,1533151530947201,1533151531401489,vehicle_info,2e743b1fb9a34383b88bec3e7792ad2a,"[537.862, 1552.728, 0.0]","[537.862, 1552.728, 0.0]",99.0,17.5,34.13,226,0,216,0,34.74
34,scene-0101,1533151531447080,1533151531901648,vehicle_info,05e8bcefb9e442ceb0c8d16b745974e0,"[534.082, 1555.663, 0.0]","[534.082, 1555.663, 0.0]",99.0,14.9,34.74,216,0,200,0,35.27
35,scene-0101,1533151531897199,1533151532400969,vehicle_info,b43de5e578944891bf9433166bd974c2,"[530.542, 1558.237, 0.0]","[530.542, 1558.237, 0.0]",99.0,8.7,35.27,200,0,0,0,35.58
36,scene-0101,1533151532446848,1533151532901285,vehicle_info,0ba00e2623814934b1b00ec2b461a125,"[526.034, 1561.349, 0.0]","[526.034, 1561.349, 0.0]",99.0,4.8,35.58,0,0,0,0,35.12
37,scene-0101,1533151532946738,1533151533401801,vehicle_info,2ce065a0fa9e4e4da888abc18fa100c8,"[521.92, 1564.083, 0.0]","[521.92, 1564.083, 0.0]",99.0,4.1,35.12,0,0,101,0,34.65
